2026-02-08 10:47:00 [92m[INFO] optimize:46[0m Logging to /scratch/sim_reg7/users/ormagen/paddington/tool_git_clone/paddington/paddington.log
2026-02-08 10:47:00 [96m[USER] optimize:50[0m APPLYING CHANGES
2026-02-08 10:47:00 [94m[DEBUG] optimize:56[0m Searching for .o files in: /scratch/sim_reg7/users/ormagen/paddington/build_storm
2026-02-08 11:03:01 [94m[DEBUG] optimize:63[0m Directory mode: found 6906 .o files
2026-02-08 11:03:02 [92m[INFO] optimize:69[0m Filtered 6906 files to 6570 files
2026-02-08 11:03:02 [94m[DEBUG] optimize:73[0m Exclude patterns: ['/tools/*', '*/third-party/*', 'platforms/*/regs/*', 'units/*/regs/*', '*/crypto/*', '*/epan_ipproto.*', '*/tcs/*', '*/auth_core/*', 'common/caml/regs/*', 'units/base_unit/*', 'units/mem_ctrl/*', 'common/caml/blocks/al_alu.h']
2026-02-08 11:03:02 [96m[USER] optimize:75[0m Found 6570 object files
2026-02-08 11:03:02 [94m[DEBUG] optimize:78[0m Selecting providers...
2026-02-08 11:03:04 [92m[INFO] optimize:83[0m Extractor: PaholeExtractor (100x faster)
2026-02-08 11:03:04 [92m[INFO] optimize:104[0m Transformer: srcML (recommended)
2026-02-08 11:03:04 [94m[DEBUG] optimize:139[0m Building pipeline...
2026-02-08 11:03:04 [94m[DEBUG] optimize:140[0m   1. Extraction (PaholeExtractor)
2026-02-08 11:03:04 [94m[DEBUG] optimize:141[0m   2. Analysis (min_savings=0, strategy=preserve)
2026-02-08 11:03:04 [94m[DEBUG] optimize:142[0m   3. Planning
2026-02-08 11:03:04 [94m[DEBUG] optimize:143[0m   4. Transformation (SrcMLTransformer)
2026-02-08 11:03:04 [94m[DEBUG] optimize:144[0m   5. Output (GitPatchGenerator)
2026-02-08 11:03:04 [92m[INFO] optimize:147[0m Starting pipeline...
2026-02-08 11:03:04 [94m[DEBUG] optimize:150[0m Stage 1: Extracting structs...
2026-02-08 11:03:04 [92m[INFO] PaholeExtractor:50[0m Extracting from 6570 files using 3 workers
2026-02-08 11:03:05 [94m[DEBUG] PaholeExtractor:94[0m [PID 1008287] Processing al_1toN_unique.dladapter.o
2026-02-08 11:03:05 [94m[DEBUG] PaholeExtractor:94[0m [PID 1008286] Processing al_eth_rx_ddp.o
2026-02-08 11:03:05 [94m[DEBUG] PaholeExtractor:94[0m [PID 1008288] Processing al_reg_lock_cfg.o
2026-02-08 11:03:06 [94m[DEBUG] PaholeExtractor:103[0m [PID 1008288] al_reg_lock_cfg.o: 235 structs
2026-02-08 11:03:06 [94m[DEBUG] PaholeExtractor:94[0m [PID 1008288] Processing AP_TABLE_CTRL.o
2026-02-08 11:03:06 [94m[DEBUG] PaholeExtractor:103[0m [PID 1008287] al_1toN_unique.dladapter.o: 122 structs
2026-02-08 11:03:06 [94m[DEBUG] PaholeExtractor:94[0m [PID 1008287] Processing ap_intc_4grp_unit.o
2026-02-08 11:03:06 [94m[DEBUG] PaholeExtractor:103[0m [PID 1008288] AP_TABLE_CTRL.o: 25 structs
2026-02-08 11:03:06 [94m[DEBUG] PaholeExtractor:94[0m [PID 1008288] Processing AP_TABLE_CTRLRegisters.o
2026-02-08 11:03:06 [94m[DEBUG] PaholeExtractor:103[0m [PID 1008287] ap_intc_4grp_unit.o: 15 structs
2026-02-08 11:03:06 [94m[DEBUG] PaholeExtractor:94[0m [PID 1008287] Processing ap_intc_2grp_unit.o
2026-02-08 11:03:07 [94m[DEBUG] PaholeExtractor:103[0m [PID 1008286] al_eth_rx_ddp.o: 558 structs
2026-02-08 11:03:07 [94m[DEBUG] PaholeExtractor:94[0m [PID 1008286] Processing al_ddp_unit.o
2026-02-08 11:03:07 [94m[DEBUG] PaholeExtractor:103[0m [PID 1008288] AP_TABLE_CTRLRegisters.o: 19 structs
2026-02-08 11:03:07 [94m[DEBUG] PaholeExtractor:103[0m [PID 1008287] ap_intc_2grp_unit.o: 15 structs
2026-02-08 11:03:07 [94m[DEBUG] PaholeExtractor:94[0m [PID 1008288] Processing al_citadel_vp_wrapper_base.o
2026-02-08 11:03:07 [94m[DEBUG] PaholeExtractor:94[0m [PID 1008287] Processing ap_intc_1grp_unit.o
2026-02-08 11:03:07 [94m[DEBUG] PaholeExtractor:103[0m [PID 1008287] ap_intc_1grp_unit.o: 15 structs
2026-02-08 11:03:07 [94m[DEBUG] PaholeExtractor:94[0m [PID 1008287] Processing ap_intc_2grp_unitRegisters.o
2026-02-08 11:03:07 [94m[DEBUG] PaholeExtractor:103[0m [PID 1008287] ap_intc_2grp_unitRegisters.o: 12 structs
2026-02-08 11:03:07 [94m[DEBUG] PaholeExtractor:94[0m [PID 1008287] Processing ap_intc_4grp_unitRegisters.o
2026-02-08 11:03:08 [94m[DEBUG] PaholeExtractor:103[0m [PID 1008287] ap_intc_4grp_unitRegisters.o: 12 structs
2026-02-08 11:03:08 [94m[DEBUG] PaholeExtractor:94[0m [PID 1008287] Processing ap_intc_4grp_msix_unitRegisters.o
2026-02-08 11:03:08 [94m[DEBUG] PaholeExtractor:103[0m [PID 1008288] al_citadel_vp_wrapper_base.o: 325 structs
2026-02-08 11:03:08 [94m[DEBUG] PaholeExtractor:103[0m [PID 1008287] ap_intc_4grp_msix_unitRegisters.o: 12 structs
2026-02-08 11:03:08 [94m[DEBUG] PaholeExtractor:94[0m [PID 1008288] Processing al_citadel_strm_vp_wrapper.o
2026-02-08 11:03:08 [94m[DEBUG] PaholeExtractor:94[0m [PID 1008287] Processing ap_intc_grp_ctrl.o
2026-02-08 11:03:08 [94m[DEBUG] PaholeExtractor:103[0m [PID 1008287] ap_intc_grp_ctrl.o: 15 structs
2026-02-08 11:03:08 [94m[DEBUG] PaholeExtractor:94[0m [PID 1008287] Processing ap_intc_grp_ctrlRegisters.o
2026-02-08 11:03:09 [94m[DEBUG] PaholeExtractor:103[0m [PID 1008287] ap_intc_grp_ctrlRegisters.o: 12 structs
2026-02-08 11:03:09 [94m[DEBUG] PaholeExtractor:94[0m [PID 1008287] Processing ap_intc_4grp_msix_unit.o
2026-02-08 11:03:09 [94m[DEBUG] PaholeExtractor:103[0m [PID 1008287] ap_intc_4grp_msix_unit.o: 15 structs
2026-02-08 11:03:09 [94m[DEBUG] PaholeExtractor:94[0m [PID 1008287] Processing ap_intc_1grp_unitRegisters.o
2026-02-08 11:03:09 [94m[DEBUG] PaholeExtractor:103[0m [PID 1008288] al_citadel_strm_vp_wrapper.o: 326 structs
2026-02-08 11:03:09 [94m[DEBUG] PaholeExtractor:94[0m [PID 1008288] Processing citadel_cl_regfile_xt_subsys.o
2026-02-08 11:03:09 [94m[DEBUG] PaholeExtractor:103[0m [PID 1008287] ap_intc_1grp_unitRegisters.o: 12 structs
2026-02-08 11:03:09 [94m[DEBUG] PaholeExtractor:94[0m [PID 1008287] Processing al_intc_base.o
2026-02-08 11:03:10 [94m[DEBUG] PaholeExtractor:103[0m [PID 1008287] al_intc_base.o: 21 structs
2026-02-08 11:03:10 [94m[DEBUG] PaholeExtractor:103[0m [PID 1008288] citadel_cl_regfile_xt_subsys.o: 37 structs
2026-02-08 11:03:10 [94m[DEBUG] PaholeExtractor:94[0m [PID 1008287] Processing al_intc_msix.o
2026-02-08 11:03:10 [94m[DEBUG] PaholeExtractor:94[0m [PID 1008288] Processing i2cRegisters.o
2026-02-08 11:03:10 [94m[DEBUG] PaholeExtractor:103[0m [PID 1008287] al_intc_msix.o: 10 structs
2026-02-08 11:03:10 [94m[DEBUG] PaholeExtractor:94[0m [PID 1008287] Processing al_base_unit_inout_only.o
2026-02-08 11:03:10 [94m[DEBUG] PaholeExtractor:103[0m [PID 1008288] i2cRegisters.o: 19 structs
2026-02-08 11:03:10 [94m[DEBUG] PaholeExtractor:94[0m [PID 1008288] Processing citadel_cl_regfile_xt_subsys_exp_ace_attr_tblRegisters.o
2026-02-08 11:03:11 [94m[DEBUG] PaholeExtractor:103[0m [PID 1008288] citadel_cl_regfile_xt_subsys_exp_ace_attr_tblRegisters.o: 19 structs
2026-02-08 11:03:11 [94m[DEBUG] PaholeExtractor:103[0m [PID 1008286] al_ddp_unit.o: 1295 structs
2026-02-08 11:03:11 [94m[DEBUG] PaholeExtractor:94[0m [PID 1008288] Processing OTP_PACK_ARRAYRegisters.o
2026-02-08 11:03:11 [94m[DEBUG] PaholeExtractor:94[0m [PID 1008286] Processing al_ddp_stream_section_ctrl_wrapper.o
2026-02-08 11:03:11 [94m[DEBUG] PaholeExtractor:103[0m [PID 1008287] al_base_unit_inout_only.o: 22 structs
2026-02-08 11:03:11 [94m[DEBUG] PaholeExtractor:94[0m [PID 1008287] Processing al_base_unit64.o
2026-02-08 11:03:11 [94m[DEBUG] PaholeExtractor:103[0m [PID 1008288] OTP_PACK_ARRAYRegisters.o: 19 structs
2026-02-08 11:03:11 [94m[DEBUG] PaholeExtractor:94[0m [PID 1008288] Processing citadel_trng_par_mem_ctrlRegisters.o
2026-02-08 11:03:11 [94m[DEBUG] PaholeExtractor:103[0m [PID 1008288] citadel_trng_par_mem_ctrlRegisters.o: 19 structs
2026-02-08 11:03:11 [94m[DEBUG] PaholeExtractor:94[0m [PID 1008288] Processing citadel_xt_mem_ctrl.o
2026-02-08 11:03:11 [94m[DEBUG] PaholeExtractor:103[0m [PID 1008287] al_base_unit64.o: 347 structs
2026-02-08 11:03:11 [94m[DEBUG] PaholeExtractor:94[0m [PID 1008287] Processing al_base_unit.o
2026-02-08 11:03:12 [94m[DEBUG] PaholeExtractor:103[0m [PID 1008286] al_ddp_stream_section_ctrl_wrapper.o: 419 structs
2026-02-08 11:03:12 [94m[DEBUG] PaholeExtractor:94[0m [PID 1008286] Processing al_ddp_descriptor_wrapper.o
2026-02-08 11:03:12 [94m[DEBUG] PaholeExtractor:103[0m [PID 1008288] citadel_xt_mem_ctrl.o: 35 structs
2026-02-08 11:03:12 [94m[DEBUG] PaholeExtractor:94[0m [PID 1008288] Processing citadel_soc_regfile_top.o
2026-02-08 11:03:12 [94m[DEBUG] PaholeExtractor:103[0m [PID 1008286] al_ddp_descriptor_wrapper.o: 24 structs
2026-02-08 11:03:12 [94m[DEBUG] PaholeExtractor:94[0m [PID 1008286] Processing al_ddp_reg_wrapper.o
2026-02-08 11:03:12 [94m[DEBUG] PaholeExtractor:103[0m [PID 1008288] citadel_soc_regfile_top.o: 58 structs
2026-02-08 11:03:12 [94m[DEBUG] PaholeExtractor:103[0m [PID 1008287] al_base_unit.o: 348 structs
2026-02-08 11:03:12 [94m[DEBUG] PaholeExtractor:94[0m [PID 1008288] Processing citadel_soc_regfile_xt_subsys.o
2026-02-08 11:03:12 [94m[DEBUG] PaholeExtractor:94[0m [PID 1008287] Processing al_base_unit_inout.o
2026-02-08 11:03:13 [94m[DEBUG] PaholeExtractor:103[0m [PID 1008288] citadel_soc_regfile_xt_subsys.o: 41 structs
2026-02-08 11:03:13 [94m[DEBUG] PaholeExtractor:94[0m [PID 1008288] Processing OTP_PACK_ARRAY.o
2026-02-08 11:03:13 [94m[DEBUG] PaholeExtractor:103[0m [PID 1008288] OTP_PACK_ARRAY.o: 25 structs
2026-02-08 11:03:13 [94m[DEBUG] PaholeExtractor:94[0m [PID 1008288] Processing Xm_xt_citadelXtsubsystem.o
2026-02-08 11:03:13 [94m[DEBUG] PaholeExtractor:103[0m [PID 1008288] Xm_xt_citadelXtsubsystem.o: 25 structs
2026-02-08 11:03:13 [94m[DEBUG] PaholeExtractor:103[0m [PID 1008287] al_base_unit_inout.o: 356 structs
2026-02-08 11:03:13 [94m[DEBUG] PaholeExtractor:94[0m [PID 1008288] Processing citadel_cl_regfile_xt_subsysRegisters.o
2026-02-08 11:03:13 [94m[DEBUG] PaholeExtractor:94[0m [PID 1008287] Processing AP_TABLE_CTRL.o
2026-02-08 11:03:14 [94m[DEBUG] PaholeExtractor:103[0m [PID 1008287] AP_TABLE_CTRL.o: 15 structs
2026-02-08 11:03:14 [94m[DEBUG] PaholeExtractor:94[0m [PID 1008287] Processing AP_TABLE_CTRLRegisters.o
2026-02-08 11:03:14 [94m[DEBUG] PaholeExtractor:103[0m [PID 1008288] citadel_cl_regfile_xt_subsysRegisters.o: 56 structs
2026-02-08 11:03:14 [94m[DEBUG] PaholeExtractor:94[0m [PID 1008288] Processing citadel_cluster_mem_ctrlRegisters.o
2026-02-08 11:03:14 [94m[DEBUG] PaholeExtractor:103[0m [PID 1008287] AP_TABLE_CTRLRegisters.o: 12 structs
2026-02-08 11:03:14 [94m[DEBUG] PaholeExtractor:94[0m [PID 1008287] Processing PMDT_PMURegisters.o
2026-02-08 11:03:14 [94m[DEBUG] PaholeExtractor:103[0m [PID 1008287] PMDT_PMURegisters.o: 14 structs
2026-02-08 11:03:14 [94m[DEBUG] PaholeExtractor:94[0m [PID 1008287] Processing pmu_macro_mem_ctrl.o
2026-02-08 11:03:15 [94m[DEBUG] PaholeExtractor:103[0m [PID 1008287] pmu_macro_mem_ctrl.o: 15 structs
2026-02-08 11:03:15 [94m[DEBUG] PaholeExtractor:94[0m [PID 1008287] Processing PMDT_PMU.o
2026-02-08 11:03:15 [94m[DEBUG] PaholeExtractor:103[0m [PID 1008287] PMDT_PMU.o: 15 structs
2026-02-08 11:03:15 [94m[DEBUG] PaholeExtractor:103[0m [PID 1008286] al_ddp_reg_wrapper.o: 898 structs
2026-02-08 11:03:15 [94m[DEBUG] PaholeExtractor:94[0m [PID 1008287] Processing pmu_macro_mem_ctrlRegisters.o
2026-02-08 11:03:15 [94m[DEBUG] PaholeExtractor:94[0m [PID 1008286] Processing al_ddp_sbp_descriptor_wrapper.o
2026-02-08 11:03:15 [94m[DEBUG] PaholeExtractor:103[0m [PID 1008288] citadel_cluster_mem_ctrlRegisters.o: 36 structs
2026-02-08 11:03:15 [94m[DEBUG] PaholeExtractor:94[0m [PID 1008288] Processing citadel_soc_regfile_topRegisters.o
2026-02-08 11:03:15 [94m[DEBUG] PaholeExtractor:103[0m [PID 1008286] al_ddp_sbp_descriptor_wrapper.o: 16 structs
2026-02-08 11:03:15 [94m[DEBUG] PaholeExtractor:94[0m [PID 1008286] Processing al_ddp_internal_info.o
2026-02-08 11:03:15 [94m[DEBUG] PaholeExtractor:103[0m [PID 1008287] pmu_macro_mem_ctrlRegisters.o: 12 structs
2026-02-08 11:03:15 [94m[DEBUG] PaholeExtractor:94[0m [PID 1008287] Processing AP_MEM_CTRLRegisters.o
2026-02-08 11:03:16 [94m[DEBUG] PaholeExtractor:103[0m [PID 1008287] AP_MEM_CTRLRegisters.o: 12 structs
2026-02-08 11:03:16 [94m[DEBUG] PaholeExtractor:94[0m [PID 1008287] Processing AP_MEM_CTRL.o
2026-02-08 11:03:16 [94m[DEBUG] PaholeExtractor:103[0m [PID 1008288] citadel_soc_regfile_topRegisters.o: 75 structs
2026-02-08 11:03:16 [94m[DEBUG] PaholeExtractor:94[0m [PID 1008288] Processing citadel_cl_regfile_exp_axi_attr_tblRegisters.o
2026-02-08 11:03:16 [94m[DEBUG] PaholeExtractor:103[0m [PID 1008287] AP_MEM_CTRL.o: 15 structs
2026-02-08 11:03:16 [94m[DEBUG] PaholeExtractor:94[0m [PID 1008287] Processing al_1toN_connector_unique_wrapper.o
2026-02-08 11:03:16 [94m[DEBUG] PaholeExtractor:103[0m [PID 1008288] citadel_cl_regfile_exp_axi_attr_tblRegisters.o: 19 structs
2026-02-08 11:03:16 [94m[DEBUG] PaholeExtractor:94[0m [PID 1008288] Processing gpio_wrapperRegisters.o
2026-02-08 11:03:16 [94m[DEBUG] PaholeExtractor:103[0m [PID 1008287] al_1toN_connector_unique_wrapper.o: 10 structs
2026-02-08 11:03:16 [94m[DEBUG] PaholeExtractor:94[0m [PID 1008287] Processing al_cctm_manager.dladapter.o
2026-02-08 11:03:16 [94m[DEBUG] PaholeExtractor:103[0m [PID 1008288] gpio_wrapperRegisters.o: 19 structs
2026-02-08 11:03:17 [94m[DEBUG] PaholeExtractor:94[0m [PID 1008288] Processing citadel_cl_regfile.o
2026-02-08 11:03:17 [94m[DEBUG] PaholeExtractor:103[0m [PID 1008286] al_ddp_internal_info.o: 794 structs
2026-02-08 11:03:17 [94m[DEBUG] PaholeExtractor:94[0m [PID 1008286] Processing al_ddp_dynamic_allocation_handler.o
2026-02-08 11:03:17 [94m[DEBUG] PaholeExtractor:103[0m [PID 1008287] al_cctm_manager.dladapter.o: 112 structs
2026-02-08 11:03:17 [94m[DEBUG] PaholeExtractor:94[0m [PID 1008287] Processing AP_MEM_CTRL_v2.o
2026-02-08 11:03:17 [94m[DEBUG] PaholeExtractor:103[0m [PID 1008288] citadel_cl_regfile.o: 35 structs
2026-02-08 11:03:17 [94m[DEBUG] PaholeExtractor:94[0m [PID 1008288] Processing citadel_cl_regfile_mailboxRegisters.o
2026-02-08 11:03:17 [94m[DEBUG] PaholeExtractor:103[0m [PID 1008287] AP_MEM_CTRL_v2.o: 25 structs
2026-02-08 11:03:17 [94m[DEBUG] PaholeExtractor:94[0m [PID 1008287] Processing AP_MEM_CTRL_v2Registers.o
2026-02-08 11:03:17 [94m[DEBUG] PaholeExtractor:103[0m [PID 1008288] citadel_cl_regfile_mailboxRegisters.o: 36 structs
2026-02-08 11:03:17 [94m[DEBUG] PaholeExtractor:94[0m [PID 1008288] Processing gpioRegisters.o
2026-02-08 11:03:18 [94m[DEBUG] PaholeExtractor:103[0m [PID 1008287] AP_MEM_CTRL_v2Registers.o: 19 structs
2026-02-08 11:03:18 [94m[DEBUG] PaholeExtractor:103[0m [PID 1008288] gpioRegisters.o: 19 structs
2026-02-08 11:03:18 [94m[DEBUG] PaholeExtractor:94[0m [PID 1008287] Processing CHI_PMDT_COMPLEX.o
2026-02-08 11:03:18 [94m[DEBUG] PaholeExtractor:94[0m [PID 1008288] Processing citadel_soc_regfile_mailbox.o
2026-02-08 11:03:18 [94m[DEBUG] PaholeExtractor:103[0m [PID 1008288] citadel_soc_regfile_mailbox.o: 25 structs
2026-02-08 11:03:18 [94m[DEBUG] PaholeExtractor:94[0m [PID 1008288] Processing citadel_xt_mem_ctrlRegisters.o
2026-02-08 11:03:18 [94m[DEBUG] PaholeExtractor:103[0m [PID 1008287] CHI_PMDT_COMPLEX.o: 43 structs
2026-02-08 11:03:18 [94m[DEBUG] PaholeExtractor:94[0m [PID 1008287] Processing PMDT_COMPLEXRegisters.o
2026-02-08 11:03:19 [94m[DEBUG] PaholeExtractor:103[0m [PID 1008287] PMDT_COMPLEXRegisters.o: 34 structs
2026-02-08 11:03:19 [94m[DEBUG] PaholeExtractor:94[0m [PID 1008287] Processing PMDT_CHI_MON.o
2026-02-08 11:03:19 [94m[DEBUG] PaholeExtractor:103[0m [PID 1008287] PMDT_CHI_MON.o: 25 structs
2026-02-08 11:03:19 [94m[DEBUG] PaholeExtractor:94[0m [PID 1008287] Processing PMDT_ELA_CONFIGRegisters.o
2026-02-08 11:03:19 [94m[DEBUG] PaholeExtractor:103[0m [PID 1008288] citadel_xt_mem_ctrlRegisters.o: 36 structs
2026-02-08 11:03:19 [94m[DEBUG] PaholeExtractor:103[0m [PID 1008287] PMDT_ELA_CONFIGRegisters.o: 19 structs
2026-02-08 11:03:19 [94m[DEBUG] PaholeExtractor:94[0m [PID 1008288] Processing uart_arm_wrapper.o
2026-02-08 11:03:19 [94m[DEBUG] PaholeExtractor:94[0m [PID 1008287] Processing PMDT_COMPLEX.o
2026-02-08 11:03:20 [94m[DEBUG] PaholeExtractor:103[0m [PID 1008288] uart_arm_wrapper.o: 25 structs
2026-02-08 11:03:20 [94m[DEBUG] PaholeExtractor:103[0m [PID 1008287] PMDT_COMPLEX.o: 43 structs
2026-02-08 11:03:20 [94m[DEBUG] PaholeExtractor:94[0m [PID 1008288] Processing citadel_trng_par_mem_ctrl.o
2026-02-08 11:03:20 [94m[DEBUG] PaholeExtractor:94[0m [PID 1008287] Processing CXELA500.o
2026-02-08 11:03:20 [94m[DEBUG] PaholeExtractor:103[0m [PID 1008286] al_ddp_dynamic_allocation_handler.o: 1213 structs
2026-02-08 11:03:20 [94m[DEBUG] PaholeExtractor:94[0m [PID 1008286] Processing al_ddp_dynamic_alloc_cam_wrapper.o
2026-02-08 11:03:20 [94m[DEBUG] PaholeExtractor:103[0m [PID 1008288] citadel_trng_par_mem_ctrl.o: 25 structs
2026-02-08 11:03:20 [94m[DEBUG] PaholeExtractor:103[0m [PID 1008287] CXELA500.o: 25 structs
2026-02-08 11:03:20 [94m[DEBUG] PaholeExtractor:94[0m [PID 1008288] Processing citadel_soc_regfile_mailboxRegisters.o
2026-02-08 11:03:20 [94m[DEBUG] PaholeExtractor:94[0m [PID 1008287] Processing PMDT_AXI_MON.o
2026-02-08 11:03:21 [94m[DEBUG] PaholeExtractor:103[0m [PID 1008288] citadel_soc_regfile_mailboxRegisters.o: 19 structs
2026-02-08 11:03:21 [94m[DEBUG] PaholeExtractor:103[0m [PID 1008287] PMDT_AXI_MON.o: 25 structs
2026-02-08 11:03:21 [94m[DEBUG] PaholeExtractor:94[0m [PID 1008288] Processing citadel_soc_regfile_xt_subsysRegisters.o
2026-02-08 11:03:21 [94m[DEBUG] PaholeExtractor:94[0m [PID 1008287] Processing cse600.o
2026-02-08 11:03:21 [94m[DEBUG] PaholeExtractor:103[0m [PID 1008287] cse600.o: 25 structs
2026-02-08 11:03:21 [94m[DEBUG] PaholeExtractor:94[0m [PID 1008287] Processing CHI_PMDT_COMPLEXRegisters.o
2026-02-08 11:03:21 [94m[DEBUG] PaholeExtractor:103[0m [PID 1008288] citadel_soc_regfile_xt_subsysRegisters.o: 42 structs
2026-02-08 11:03:21 [94m[DEBUG] PaholeExtractor:94[0m [PID 1008288] Processing i2c_wrapper.o
2026-02-08 11:03:21 [94m[DEBUG] PaholeExtractor:103[0m [PID 1008287] CHI_PMDT_COMPLEXRegisters.o: 34 structs
2026-02-08 11:03:21 [94m[DEBUG] PaholeExtractor:94[0m [PID 1008287] Processing CXELA500Registers.o
2026-02-08 11:03:22 [94m[DEBUG] PaholeExtractor:103[0m [PID 1008286] al_ddp_dynamic_alloc_cam_wrapper.o: 798 structs
2026-02-08 11:03:22 [94m[DEBUG] PaholeExtractor:94[0m [PID 1008286] Processing al_ddp_unit_v8.o
2026-02-08 11:03:22 [94m[DEBUG] PaholeExtractor:103[0m [PID 1008288] i2c_wrapper.o: 25 structs
2026-02-08 11:03:22 [94m[DEBUG] PaholeExtractor:94[0m [PID 1008288] Processing uart_arm.o
2026-02-08 11:03:22 [94m[DEBUG] PaholeExtractor:103[0m [PID 1008287] CXELA500Registers.o: 19 structs
2026-02-08 11:03:22 [94m[DEBUG] PaholeExtractor:94[0m [PID 1008287] Processing PMDT_AXI_MONRegisters.o
2026-02-08 11:03:22 [94m[DEBUG] PaholeExtractor:103[0m [PID 1008288] uart_arm.o: 25 structs
2026-02-08 11:03:22 [94m[DEBUG] PaholeExtractor:94[0m [PID 1008288] Processing citadel_otp_wrapperRegisters.o
2026-02-08 11:03:22 [94m[DEBUG] PaholeExtractor:103[0m [PID 1008287] PMDT_AXI_MONRegisters.o: 19 structs
2026-02-08 11:03:22 [94m[DEBUG] PaholeExtractor:103[0m [PID 1008288] citadel_otp_wrapperRegisters.o: 19 structs
2026-02-08 11:03:22 [94m[DEBUG] PaholeExtractor:94[0m [PID 1008287] Processing pmu_macro_mem_ctrl.o
2026-02-08 11:03:22 [94m[DEBUG] PaholeExtractor:94[0m [PID 1008288] Processing citadel_periphs_topRegisters.o
2026-02-08 11:03:23 [94m[DEBUG] PaholeExtractor:103[0m [PID 1008287] pmu_macro_mem_ctrl.o: 35 structs
2026-02-08 11:03:23 [94m[DEBUG] PaholeExtractor:94[0m [PID 1008287] Processing cse600Registers.o
2026-02-08 11:03:23 [94m[DEBUG] PaholeExtractor:103[0m [PID 1008288] citadel_periphs_topRegisters.o: 65 structs
2026-02-08 11:03:23 [94m[DEBUG] PaholeExtractor:94[0m [PID 1008288] Processing citadel_periphs_top.o
2026-02-08 11:03:23 [94m[DEBUG] PaholeExtractor:103[0m [PID 1008287] cse600Registers.o: 19 structs
2026-02-08 11:03:23 [94m[DEBUG] PaholeExtractor:94[0m [PID 1008287] Processing PMDT_ELA_CONFIG.o
2026-02-08 11:03:23 [94m[DEBUG] PaholeExtractor:103[0m [PID 1008288] citadel_periphs_top.o: 74 structs
2026-02-08 11:03:23 [94m[DEBUG] PaholeExtractor:94[0m [PID 1008288] Processing i2c.o
2026-02-08 11:03:24 [94m[DEBUG] PaholeExtractor:103[0m [PID 1008287] PMDT_ELA_CONFIG.o: 25 structs
2026-02-08 11:03:24 [94m[DEBUG] PaholeExtractor:94[0m [PID 1008287] Processing PMDT_PMU.o
2026-02-08 11:03:24 [94m[DEBUG] PaholeExtractor:103[0m [PID 1008288] i2c.o: 25 structs
2026-02-08 11:03:24 [94m[DEBUG] PaholeExtractor:94[0m [PID 1008288] Processing uart_armRegisters.o
2026-02-08 11:03:24 [94m[DEBUG] PaholeExtractor:103[0m [PID 1008287] PMDT_PMU.o: 43 structs
2026-02-08 11:03:24 [94m[DEBUG] PaholeExtractor:103[0m [PID 1008288] uart_armRegisters.o: 19 structs
2026-02-08 11:03:24 [94m[DEBUG] PaholeExtractor:94[0m [PID 1008287] Processing PMDT_PMURegisters.o
2026-02-08 11:03:24 [94m[DEBUG] PaholeExtractor:94[0m [PID 1008288] Processing uart_arm_wrapperRegisters.o
2026-02-08 11:03:25 [94m[DEBUG] PaholeExtractor:103[0m [PID 1008288] uart_arm_wrapperRegisters.o: 19 structs
2026-02-08 11:03:25 [94m[DEBUG] PaholeExtractor:94[0m [PID 1008288] Processing citadel_cl_regfileRegisters.o
2026-02-08 11:03:25 [94m[DEBUG] PaholeExtractor:103[0m [PID 1008287] PMDT_PMURegisters.o: 44 structs
2026-02-08 11:03:25 [94m[DEBUG] PaholeExtractor:94[0m [PID 1008287] Processing pmu_macro_mem_ctrlRegisters.o
2026-02-08 11:03:25 [94m[DEBUG] PaholeExtractor:103[0m [PID 1008287] pmu_macro_mem_ctrlRegisters.o: 36 structs
2026-02-08 11:03:25 [94m[DEBUG] PaholeExtractor:94[0m [PID 1008287] Processing al_pmu_unit_base.o
2026-02-08 11:03:25 [94m[DEBUG] PaholeExtractor:103[0m [PID 1008288] citadel_cl_regfileRegisters.o: 53 structs
2026-02-08 11:03:26 [94m[DEBUG] PaholeExtractor:94[0m [PID 1008288] Processing Xm_xt_citadelXtsubsystemRegisters.o
2026-02-08 11:03:26 [94m[DEBUG] PaholeExtractor:103[0m [PID 1008288] Xm_xt_citadelXtsubsystemRegisters.o: 19 structs
2026-02-08 11:03:26 [94m[DEBUG] PaholeExtractor:94[0m [PID 1008288] Processing citadel_soc_regfile_exp_axi_attr_tblRegisters.o
2026-02-08 11:03:26 [94m[DEBUG] PaholeExtractor:103[0m [PID 1008286] al_ddp_unit_v8.o: 1494 structs
2026-02-08 11:03:26 [94m[DEBUG] PaholeExtractor:94[0m [PID 1008286] Processing eth_ddpRegisters.o
2026-02-08 11:03:26 [94m[DEBUG] PaholeExtractor:103[0m [PID 1008288] citadel_soc_regfile_exp_axi_attr_tblRegisters.o: 19 structs
2026-02-08 11:03:26 [94m[DEBUG] PaholeExtractor:94[0m [PID 1008288] Processing citadel_soc_regfile_exp_axi_attr_tbl.o
2026-02-08 11:03:27 [94m[DEBUG] PaholeExtractor:103[0m [PID 1008287] al_pmu_unit_base.o: 357 structs
2026-02-08 11:03:27 [94m[DEBUG] PaholeExtractor:94[0m [PID 1008287] Processing PMDT_CCTM.o
2026-02-08 11:03:27 [94m[DEBUG] PaholeExtractor:103[0m [PID 1008288] citadel_soc_regfile_exp_axi_attr_tbl.o: 25 structs
2026-02-08 11:03:27 [94m[DEBUG] PaholeExtractor:94[0m [PID 1008288] Processing gpio.o
2026-02-08 11:03:27 [94m[DEBUG] PaholeExtractor:103[0m [PID 1008287] PMDT_CCTM.o: 25 structs
2026-02-08 11:03:27 [94m[DEBUG] PaholeExtractor:103[0m [PID 1008288] gpio.o: 25 structs
2026-02-08 11:03:27 [94m[DEBUG] PaholeExtractor:94[0m [PID 1008287] Processing PMDT_CCTMRegisters.o
2026-02-08 11:03:27 [94m[DEBUG] PaholeExtractor:94[0m [PID 1008288] Processing i2c_wrapperRegisters.o
2026-02-08 11:03:27 [94m[DEBUG] PaholeExtractor:103[0m [PID 1008288] i2c_wrapperRegisters.o: 19 structs
2026-02-08 11:03:28 [94m[DEBUG] PaholeExtractor:103[0m [PID 1008287] PMDT_CCTMRegisters.o: 19 structs
2026-02-08 11:03:28 [94m[DEBUG] PaholeExtractor:94[0m [PID 1008288] Processing gpio_wrapper.o
2026-02-08 11:03:28 [94m[DEBUG] PaholeExtractor:94[0m [PID 1008287] Processing al_cctm_unit_base.o
2026-02-08 11:03:28 [94m[DEBUG] PaholeExtractor:103[0m [PID 1008288] gpio_wrapper.o: 25 structs
2026-02-08 11:03:28 [94m[DEBUG] PaholeExtractor:94[0m [PID 1008288] Processing citadel_cl_regfile_exp_axi_attr_tbl.o
2026-02-08 11:03:28 [94m[DEBUG] PaholeExtractor:103[0m [PID 1008288] citadel_cl_regfile_exp_axi_attr_tbl.o: 25 structs
2026-02-08 11:03:28 [94m[DEBUG] PaholeExtractor:94[0m [PID 1008288] Processing citadel_cl_regfile_mailbox.o
2026-02-08 11:03:29 [94m[DEBUG] PaholeExtractor:103[0m [PID 1008288] citadel_cl_regfile_mailbox.o: 35 structs
2026-02-08 11:03:29 [94m[DEBUG] PaholeExtractor:103[0m [PID 1008287] al_cctm_unit_base.o: 360 structs
2026-02-08 11:03:29 [94m[DEBUG] PaholeExtractor:94[0m [PID 1008288] Processing citadel_cl_regfile_xt_subsys_exp_ace_attr_tbl.o
2026-02-08 11:03:29 [94m[DEBUG] PaholeExtractor:94[0m [PID 1008287] Processing al_intc_msix.o
2026-02-08 11:03:29 [94m[DEBUG] PaholeExtractor:103[0m [PID 1008288] citadel_cl_regfile_xt_subsys_exp_ace_attr_tbl.o: 25 structs
2026-02-08 11:03:29 [94m[DEBUG] PaholeExtractor:103[0m [PID 1008287] al_intc_msix.o: 10 structs
2026-02-08 11:03:29 [94m[DEBUG] PaholeExtractor:94[0m [PID 1008288] Processing citadel_cluster_mem_ctrl.o
2026-02-08 11:03:29 [94m[DEBUG] PaholeExtractor:94[0m [PID 1008287] Processing al_intc_base.o
2026-02-08 11:03:29 [94m[DEBUG] PaholeExtractor:103[0m [PID 1008287] al_intc_base.o: 26 structs
2026-02-08 11:03:29 [94m[DEBUG] PaholeExtractor:94[0m [PID 1008287] Processing ap_intc_1grp_unitRegisters.o
2026-02-08 11:03:29 [94m[DEBUG] PaholeExtractor:103[0m [PID 1008288] citadel_cluster_mem_ctrl.o: 35 structs
2026-02-08 11:03:29 [94m[DEBUG] PaholeExtractor:94[0m [PID 1008288] Processing citadel_otp_wrapper.o
2026-02-08 11:03:30 [94m[DEBUG] PaholeExtractor:103[0m [PID 1008287] ap_intc_1grp_unitRegisters.o: 16 structs
2026-02-08 11:03:30 [94m[DEBUG] PaholeExtractor:94[0m [PID 1008287] Processing ap_intc_pbaRegisters.o
2026-02-08 11:03:30 [94m[DEBUG] PaholeExtractor:103[0m [PID 1008288] citadel_otp_wrapper.o: 25 structs
2026-02-08 11:03:30 [94m[DEBUG] PaholeExtractor:94[0m [PID 1008288] Processing al_ctdl_mlbx_ring.o
2026-02-08 11:03:30 [94m[DEBUG] PaholeExtractor:103[0m [PID 1008287] ap_intc_pbaRegisters.o: 19 structs
2026-02-08 11:03:30 [94m[DEBUG] PaholeExtractor:103[0m [PID 1008288] al_ctdl_mlbx_ring.o: 6 structs
2026-02-08 11:03:30 [94m[DEBUG] PaholeExtractor:94[0m [PID 1008287] Processing ap_intc_3grp_unitRegisters.o
2026-02-08 11:03:30 [94m[DEBUG] PaholeExtractor:94[0m [PID 1008288] Processing al_citadel_mailbox.o
2026-02-08 11:03:30 [94m[DEBUG] PaholeExtractor:103[0m [PID 1008287] ap_intc_3grp_unitRegisters.o: 16 structs
2026-02-08 11:03:30 [94m[DEBUG] PaholeExtractor:94[0m [PID 1008287] Processing ap_intc_grp_vec_tableRegisters.o
2026-02-08 11:03:31 [94m[DEBUG] PaholeExtractor:103[0m [PID 1008287] ap_intc_grp_vec_tableRegisters.o: 19 structs
2026-02-08 11:03:31 [94m[DEBUG] PaholeExtractor:103[0m [PID 1008286] eth_ddpRegisters.o: 878 structs
2026-02-08 11:03:31 [94m[DEBUG] PaholeExtractor:94[0m [PID 1008287] Processing ap_intc_msix.o
2026-02-08 11:03:31 [94m[DEBUG] PaholeExtractor:103[0m [PID 1008288] al_citadel_mailbox.o: 416 structs
2026-02-08 11:03:31 [94m[DEBUG] PaholeExtractor:94[0m [PID 1008286] Processing ddp_stream_remap_table.o
2026-02-08 11:03:31 [94m[DEBUG] PaholeExtractor:94[0m [PID 1008288] Processing al_citadel_wrapper_unit.o
2026-02-08 11:03:31 [94m[DEBUG] PaholeExtractor:103[0m [PID 1008287] ap_intc_msix.o: 25 structs
2026-02-08 11:03:31 [94m[DEBUG] PaholeExtractor:103[0m [PID 1008286] ddp_stream_remap_table.o: 25 structs
2026-02-08 11:03:31 [94m[DEBUG] PaholeExtractor:94[0m [PID 1008287] Processing ap_intc_4grp_unitRegisters.o
2026-02-08 11:03:31 [94m[DEBUG] PaholeExtractor:94[0m [PID 1008286] Processing ddp_dynamic_alloc_mask_table.o
2026-02-08 11:03:31 [94m[DEBUG] PaholeExtractor:103[0m [PID 1008287] ap_intc_4grp_unitRegisters.o: 16 structs
2026-02-08 11:03:31 [94m[DEBUG] PaholeExtractor:103[0m [PID 1008286] ddp_dynamic_alloc_mask_table.o: 25 structs
2026-02-08 11:03:31 [94m[DEBUG] PaholeExtractor:94[0m [PID 1008287] Processing ap_intc_4grp_msix_unitRegisters.o
2026-02-08 11:03:31 [94m[DEBUG] PaholeExtractor:94[0m [PID 1008286] Processing ddp_tid_sw_rsp_tableRegisters.o
2026-02-08 11:03:32 [94m[DEBUG] PaholeExtractor:103[0m [PID 1008286] ddp_tid_sw_rsp_tableRegisters.o: 19 structs
2026-02-08 11:03:32 [94m[DEBUG] PaholeExtractor:94[0m [PID 1008286] Processing ddp_tid_sw_req_tableRegisters.o
2026-02-08 11:03:32 [94m[DEBUG] PaholeExtractor:103[0m [PID 1008287] ap_intc_4grp_msix_unitRegisters.o: 19 structs
2026-02-08 11:03:32 [94m[DEBUG] PaholeExtractor:94[0m [PID 1008287] Processing ap_intc_4grp_msix_unit.o
2026-02-08 11:03:32 [94m[DEBUG] PaholeExtractor:103[0m [PID 1008286] ddp_tid_sw_req_tableRegisters.o: 19 structs
2026-02-08 11:03:32 [94m[DEBUG] PaholeExtractor:94[0m [PID 1008286] Processing ddp_ctrl_table.o
2026-02-08 11:03:32 [94m[DEBUG] PaholeExtractor:103[0m [PID 1008287] ap_intc_4grp_msix_unit.o: 25 structs
2026-02-08 11:03:32 [94m[DEBUG] PaholeExtractor:94[0m [PID 1008287] Processing ap_intc_8grp_msix_unitRegisters.o
2026-02-08 11:03:32 [94m[DEBUG] PaholeExtractor:103[0m [PID 1008286] ddp_ctrl_table.o: 25 structs
2026-02-08 11:03:32 [94m[DEBUG] PaholeExtractor:94[0m [PID 1008286] Processing tid_status_tableRegisters.o
2026-02-08 11:03:32 [94m[DEBUG] PaholeExtractor:103[0m [PID 1008287] ap_intc_8grp_msix_unitRegisters.o: 16 structs
2026-02-08 11:03:33 [94m[DEBUG] PaholeExtractor:94[0m [PID 1008287] Processing ap_intc_msixRegisters.o
2026-02-08 11:03:33 [94m[DEBUG] PaholeExtractor:103[0m [PID 1008286] tid_status_tableRegisters.o: 19 structs
2026-02-08 11:03:33 [94m[DEBUG] PaholeExtractor:94[0m [PID 1008286] Processing eth_ddp_desc_validation_table.o
2026-02-08 11:03:33 [94m[DEBUG] PaholeExtractor:103[0m [PID 1008287] ap_intc_msixRegisters.o: 19 structs
2026-02-08 11:03:33 [94m[DEBUG] PaholeExtractor:94[0m [PID 1008287] Processing ap_intc_grp_ctrlRegisters.o
2026-02-08 11:03:33 [94m[DEBUG] PaholeExtractor:103[0m [PID 1008286] eth_ddp_desc_validation_table.o: 25 structs
2026-02-08 11:03:33 [94m[DEBUG] PaholeExtractor:94[0m [PID 1008286] Processing ddp_ctrl_tableRegisters.o
2026-02-08 11:03:33 [94m[DEBUG] PaholeExtractor:103[0m [PID 1008287] ap_intc_grp_ctrlRegisters.o: 19 structs
2026-02-08 11:03:33 [94m[DEBUG] PaholeExtractor:94[0m [PID 1008287] Processing ap_intc_grp_ctrl.o
2026-02-08 11:03:33 [94m[DEBUG] PaholeExtractor:103[0m [PID 1008286] ddp_ctrl_tableRegisters.o: 19 structs
2026-02-08 11:03:33 [94m[DEBUG] PaholeExtractor:94[0m [PID 1008286] Processing eth_ddp_cpu_tables.o
2026-02-08 11:03:33 [94m[DEBUG] PaholeExtractor:103[0m [PID 1008288] al_citadel_wrapper_unit.o: 474 structs
2026-02-08 11:03:34 [94m[DEBUG] PaholeExtractor:94[0m [PID 1008288] Processing al_citadel_soc_regs.o
2026-02-08 11:03:34 [94m[DEBUG] PaholeExtractor:103[0m [PID 1008287] ap_intc_grp_ctrl.o: 25 structs
2026-02-08 11:03:34 [94m[DEBUG] PaholeExtractor:94[0m [PID 1008287] Processing ap_intc_grp_vec_table.o
2026-02-08 11:03:34 [94m[DEBUG] PaholeExtractor:103[0m [PID 1008286] eth_ddp_cpu_tables.o: 81 structs
2026-02-08 11:03:34 [94m[DEBUG] PaholeExtractor:94[0m [PID 1008286] Processing eth_ddp_desc_validation_parity_mask_tableRegisters.o
2026-02-08 11:03:34 [94m[DEBUG] PaholeExtractor:103[0m [PID 1008287] ap_intc_grp_vec_table.o: 25 structs
2026-02-08 11:03:34 [94m[DEBUG] PaholeExtractor:94[0m [PID 1008287] Processing ap_intc_2grp_unitRegisters.o
2026-02-08 11:03:34 [94m[DEBUG] PaholeExtractor:103[0m [PID 1008286] eth_ddp_desc_validation_parity_mask_tableRegisters.o: 19 structs
2026-02-08 11:03:34 [94m[DEBUG] PaholeExtractor:94[0m [PID 1008286] Processing ddp_dynamic_alloc_cam_table.o
2026-02-08 11:03:34 [94m[DEBUG] PaholeExtractor:103[0m [PID 1008287] ap_intc_2grp_unitRegisters.o: 16 structs
2026-02-08 11:03:34 [94m[DEBUG] PaholeExtractor:94[0m [PID 1008287] Processing ap_intc_2grp_unit.o
2026-02-08 11:03:34 [94m[DEBUG] PaholeExtractor:103[0m [PID 1008286] ddp_dynamic_alloc_cam_table.o: 25 structs
2026-02-08 11:03:34 [94m[DEBUG] PaholeExtractor:94[0m [PID 1008286] Processing ddp_dynamic_alloc_evict_reqRegisters.o
2026-02-08 11:03:35 [94m[DEBUG] PaholeExtractor:103[0m [PID 1008286] ddp_dynamic_alloc_evict_reqRegisters.o: 19 structs
2026-02-08 11:03:35 [94m[DEBUG] PaholeExtractor:103[0m [PID 1008287] ap_intc_2grp_unit.o: 25 structs
2026-02-08 11:03:35 [94m[DEBUG] PaholeExtractor:94[0m [PID 1008286] Processing eth_ddp_statistics_cnt_tableRegisters.o
2026-02-08 11:03:35 [94m[DEBUG] PaholeExtractor:103[0m [PID 1008288] al_citadel_soc_regs.o: 415 structs
2026-02-08 11:03:35 [94m[DEBUG] PaholeExtractor:94[0m [PID 1008287] Processing ap_intc_3grp_unit.o
2026-02-08 11:03:35 [94m[DEBUG] PaholeExtractor:94[0m [PID 1008288] Processing al_citadel_apb_master.o
2026-02-08 11:03:35 [94m[DEBUG] PaholeExtractor:103[0m [PID 1008286] eth_ddp_statistics_cnt_tableRegisters.o: 19 structs
2026-02-08 11:03:35 [94m[DEBUG] PaholeExtractor:103[0m [PID 1008287] ap_intc_3grp_unit.o: 25 structs
2026-02-08 11:03:35 [94m[DEBUG] PaholeExtractor:94[0m [PID 1008286] Processing eth_ddp_vq_desc_validation_tableRegisters.o
2026-02-08 11:03:35 [94m[DEBUG] PaholeExtractor:94[0m [PID 1008287] Processing ap_intc_1grp_unit.o
2026-02-08 11:03:35 [94m[DEBUG] PaholeExtractor:103[0m [PID 1008286] eth_ddp_vq_desc_validation_tableRegisters.o: 19 structs
2026-02-08 11:03:35 [94m[DEBUG] PaholeExtractor:94[0m [PID 1008286] Processing eth_ddp_ring_mgr_map_tableRegisters.o
2026-02-08 11:03:35 [94m[DEBUG] PaholeExtractor:103[0m [PID 1008287] ap_intc_1grp_unit.o: 25 structs
2026-02-08 11:03:36 [94m[DEBUG] PaholeExtractor:94[0m [PID 1008287] Processing ap_intc_8grp_msix_unit.o
2026-02-08 11:03:36 [94m[DEBUG] PaholeExtractor:103[0m [PID 1008286] eth_ddp_ring_mgr_map_tableRegisters.o: 19 structs
2026-02-08 11:03:36 [94m[DEBUG] PaholeExtractor:94[0m [PID 1008286] Processing eth_ddp_stream_set_ctrl_table.o
2026-02-08 11:03:36 [94m[DEBUG] PaholeExtractor:103[0m [PID 1008287] ap_intc_8grp_msix_unit.o: 25 structs
2026-02-08 11:03:36 [94m[DEBUG] PaholeExtractor:94[0m [PID 1008287] Processing ap_intc_pba.o
2026-02-08 11:03:36 [94m[DEBUG] PaholeExtractor:103[0m [PID 1008288] al_citadel_apb_master.o: 420 structs
2026-02-08 11:03:36 [94m[DEBUG] PaholeExtractor:103[0m [PID 1008286] eth_ddp_stream_set_ctrl_table.o: 25 structs
2026-02-08 11:03:36 [94m[DEBUG] PaholeExtractor:94[0m [PID 1008288] Processing al_citadel_atr.o
2026-02-08 11:03:36 [94m[DEBUG] PaholeExtractor:94[0m [PID 1008286] Processing ddp_dynamic_alloc_context_mem.o
2026-02-08 11:03:36 [94m[DEBUG] PaholeExtractor:103[0m [PID 1008287] ap_intc_pba.o: 25 structs
2026-02-08 11:03:36 [94m[DEBUG] PaholeExtractor:94[0m [PID 1008287] Processing ap_intc_4grp_unit.o
2026-02-08 11:03:36 [94m[DEBUG] PaholeExtractor:103[0m [PID 1008286] ddp_dynamic_alloc_context_mem.o: 25 structs
2026-02-08 11:03:36 [94m[DEBUG] PaholeExtractor:103[0m [PID 1008287] ap_intc_4grp_unit.o: 25 structs
2026-02-08 11:03:37 [94m[DEBUG] PaholeExtractor:94[0m [PID 1008286] Processing ddp_vq_ring_ptrRegisters.o
2026-02-08 11:03:37 [94m[DEBUG] PaholeExtractor:94[0m [PID 1008287] Processing al_cctm_pmdtu_router_base.o
2026-02-08 11:03:37 [94m[DEBUG] PaholeExtractor:103[0m [PID 1008286] ddp_vq_ring_ptrRegisters.o: 19 structs
2026-02-08 11:03:37 [94m[DEBUG] PaholeExtractor:94[0m [PID 1008286] Processing ddp_dynamic_alloc_resource_redirection_tableRegisters.o
2026-02-08 11:03:37 [94m[DEBUG] PaholeExtractor:103[0m [PID 1008287] al_cctm_pmdtu_router_base.o: 238 structs
2026-02-08 11:03:37 [94m[DEBUG] PaholeExtractor:94[0m [PID 1008287] Processing al_base_unit_inout.o
2026-02-08 11:03:37 [94m[DEBUG] PaholeExtractor:103[0m [PID 1008286] ddp_dynamic_alloc_resource_redirection_tableRegisters.o: 19 structs
2026-02-08 11:03:37 [94m[DEBUG] PaholeExtractor:94[0m [PID 1008286] Processing tid_status_table.o
2026-02-08 11:03:37 [94m[DEBUG] PaholeExtractor:103[0m [PID 1008288] al_citadel_atr.o: 422 structs
2026-02-08 11:03:37 [94m[DEBUG] PaholeExtractor:94[0m [PID 1008288] Processing al_citadel_master_decoder.o
2026-02-08 11:03:37 [94m[DEBUG] PaholeExtractor:103[0m [PID 1008286] tid_status_table.o: 25 structs
2026-02-08 11:03:37 [94m[DEBUG] PaholeExtractor:94[0m [PID 1008286] Processing eth_ddp_stream_set_ctrl_tableRegisters.o
2026-02-08 11:03:38 [94m[DEBUG] PaholeExtractor:103[0m [PID 1008286] eth_ddp_stream_set_ctrl_tableRegisters.o: 19 structs
2026-02-08 11:03:38 [94m[DEBUG] PaholeExtractor:94[0m [PID 1008286] Processing eth_ddp_cpu.o
2026-02-08 11:03:38 [94m[DEBUG] PaholeExtractor:103[0m [PID 1008288] al_citadel_master_decoder.o: 394 structs
2026-02-08 11:03:38 [94m[DEBUG] PaholeExtractor:103[0m [PID 1008287] al_base_unit_inout.o: 356 structs
2026-02-08 11:03:38 [94m[DEBUG] PaholeExtractor:94[0m [PID 1008288] Processing al_citadel_nic.o
2026-02-08 11:03:38 [94m[DEBUG] PaholeExtractor:94[0m [PID 1008287] Processing al_base_unit64.o
2026-02-08 11:03:38 [94m[DEBUG] PaholeExtractor:103[0m [PID 1008286] eth_ddp_cpu.o: 75 structs
2026-02-08 11:03:38 [94m[DEBUG] PaholeExtractor:94[0m [PID 1008286] Processing eth_ddp_pnum_translate_table.o
2026-02-08 11:03:39 [94m[DEBUG] PaholeExtractor:103[0m [PID 1008286] eth_ddp_pnum_translate_table.o: 25 structs
2026-02-08 11:03:39 [94m[DEBUG] PaholeExtractor:103[0m [PID 1008288] al_citadel_nic.o: 21 structs
2026-02-08 11:03:39 [94m[DEBUG] PaholeExtractor:94[0m [PID 1008286] Processing eth_ddp_forwarding_override_profile_table.o
2026-02-08 11:03:39 [94m[DEBUG] PaholeExtractor:94[0m [PID 1008288] Processing al_citadel_otp.o
2026-02-08 11:03:39 [94m[DEBUG] PaholeExtractor:103[0m [PID 1008287] al_base_unit64.o: 347 structs
2026-02-08 11:03:39 [94m[DEBUG] PaholeExtractor:103[0m [PID 1008286] eth_ddp_forwarding_override_profile_table.o: 25 structs
2026-02-08 11:03:39 [94m[DEBUG] PaholeExtractor:94[0m [PID 1008287] Processing al_base_unit.o
2026-02-08 11:03:39 [94m[DEBUG] PaholeExtractor:94[0m [PID 1008286] Processing ddp_stream_remap_tableRegisters.o
2026-02-08 11:03:39 [94m[DEBUG] PaholeExtractor:103[0m [PID 1008286] ddp_stream_remap_tableRegisters.o: 19 structs
2026-02-08 11:03:39 [94m[DEBUG] PaholeExtractor:94[0m [PID 1008286] Processing eth_ddp_resource_cnt_action_tableRegisters.o
2026-02-08 11:03:40 [94m[DEBUG] PaholeExtractor:103[0m [PID 1008286] eth_ddp_resource_cnt_action_tableRegisters.o: 19 structs
2026-02-08 11:03:40 [94m[DEBUG] PaholeExtractor:94[0m [PID 1008286] Processing eth_ddp_dynamic_cnt_alloc.o
2026-02-08 11:03:40 [94m[DEBUG] PaholeExtractor:103[0m [PID 1008288] al_citadel_otp.o: 411 structs
2026-02-08 11:03:40 [94m[DEBUG] PaholeExtractor:94[0m [PID 1008288] Processing al_citadel_regfile_wrapper.o
2026-02-08 11:03:40 [94m[DEBUG] PaholeExtractor:103[0m [PID 1008287] al_base_unit.o: 348 structs
2026-02-08 11:03:40 [94m[DEBUG] PaholeExtractor:94[0m [PID 1008287] Processing al_base_unit_inout_only.o
2026-02-08 11:03:40 [94m[DEBUG] PaholeExtractor:103[0m [PID 1008286] eth_ddp_dynamic_cnt_alloc.o: 198 structs
2026-02-08 11:03:40 [94m[DEBUG] PaholeExtractor:94[0m [PID 1008286] Processing global_enable_table.o
2026-02-08 11:03:40 [94m[DEBUG] PaholeExtractor:103[0m [PID 1008288] al_citadel_regfile_wrapper.o: 99 structs
2026-02-08 11:03:40 [94m[DEBUG] PaholeExtractor:94[0m [PID 1008288] Processing al_cctm_unit_base.o
2026-02-08 11:03:40 [94m[DEBUG] PaholeExtractor:103[0m [PID 1008286] global_enable_table.o: 25 structs
2026-02-08 11:03:40 [94m[DEBUG] PaholeExtractor:94[0m [PID 1008286] Processing eth_ddp_cache_map_cmd_extract.o
2026-02-08 11:03:41 [94m[DEBUG] PaholeExtractor:103[0m [PID 1008287] al_base_unit_inout_only.o: 22 structs
2026-02-08 11:03:41 [94m[DEBUG] PaholeExtractor:94[0m [PID 1008287] Processing AP_TABLE_CTRLRegisters.o
2026-02-08 11:03:41 [94m[DEBUG] PaholeExtractor:103[0m [PID 1008286] eth_ddp_cache_map_cmd_extract.o: 25 structs
2026-02-08 11:03:41 [94m[DEBUG] PaholeExtractor:94[0m [PID 1008286] Processing ddp_packet_validation_table.o
2026-02-08 11:03:41 [94m[DEBUG] PaholeExtractor:103[0m [PID 1008287] AP_TABLE_CTRLRegisters.o: 19 structs
2026-02-08 11:03:41 [94m[DEBUG] PaholeExtractor:103[0m [PID 1008286] ddp_packet_validation_table.o: 25 structs
2026-02-08 11:03:41 [94m[DEBUG] PaholeExtractor:94[0m [PID 1008287] Processing AP_TABLE_CTRL.o
2026-02-08 11:03:41 [94m[DEBUG] PaholeExtractor:94[0m [PID 1008286] Processing eth_ddp_counter_map_table.o
2026-02-08 11:03:41 [94m[DEBUG] PaholeExtractor:103[0m [PID 1008288] al_cctm_unit_base.o: 360 structs
2026-02-08 11:03:41 [94m[DEBUG] PaholeExtractor:94[0m [PID 1008288] Processing PMDT_CCTMRegisters.o
2026-02-08 11:03:41 [94m[DEBUG] PaholeExtractor:103[0m [PID 1008287] AP_TABLE_CTRL.o: 25 structs
2026-02-08 11:03:41 [94m[DEBUG] PaholeExtractor:103[0m [PID 1008286] eth_ddp_counter_map_table.o: 25 structs
2026-02-08 11:03:41 [94m[DEBUG] PaholeExtractor:94[0m [PID 1008287] Processing regfile_indirect.o
2026-02-08 11:03:41 [94m[DEBUG] PaholeExtractor:94[0m [PID 1008286] Processing ddp_tid_fconf_req_tableRegisters.o
2026-02-08 11:03:42 [94m[DEBUG] PaholeExtractor:103[0m [PID 1008288] PMDT_CCTMRegisters.o: 19 structs
2026-02-08 11:03:42 [94m[DEBUG] PaholeExtractor:103[0m [PID 1008287] regfile_indirect.o: 25 structs
2026-02-08 11:03:42 [94m[DEBUG] PaholeExtractor:94[0m [PID 1008288] Processing PMDT_CCTM.o
2026-02-08 11:03:42 [94m[DEBUG] PaholeExtractor:94[0m [PID 1008287] Processing regfile_indirectRegisters.o
2026-02-08 11:03:42 [94m[DEBUG] PaholeExtractor:103[0m [PID 1008286] ddp_tid_fconf_req_tableRegisters.o: 19 structs
2026-02-08 11:03:42 [94m[DEBUG] PaholeExtractor:94[0m [PID 1008286] Processing ddp_dynamic_alloc_en_tableRegisters.o
2026-02-08 11:03:42 [94m[DEBUG] PaholeExtractor:103[0m [PID 1008287] regfile_indirectRegisters.o: 19 structs
2026-02-08 11:03:42 [94m[DEBUG] PaholeExtractor:94[0m [PID 1008287] Processing al_cso_vp_controller.o
2026-02-08 11:03:42 [94m[DEBUG] PaholeExtractor:103[0m [PID 1008286] ddp_dynamic_alloc_en_tableRegisters.o: 19 structs
2026-02-08 11:03:42 [94m[DEBUG] PaholeExtractor:103[0m [PID 1008288] PMDT_CCTM.o: 25 structs
2026-02-08 11:03:42 [94m[DEBUG] PaholeExtractor:94[0m [PID 1008286] Processing ddp_dynamic_alloc_context_update_mask_tableRegisters.o
2026-02-08 11:03:42 [94m[DEBUG] PaholeExtractor:94[0m [PID 1008288] Processing al_intc_base.o
2026-02-08 11:03:43 [94m[DEBUG] PaholeExtractor:103[0m [PID 1008286] ddp_dynamic_alloc_context_update_mask_tableRegisters.o: 19 structs
2026-02-08 11:03:43 [94m[DEBUG] PaholeExtractor:94[0m [PID 1008286] Processing ddp_dynamic_alloc_context_memRegisters.o
2026-02-08 11:03:43 [94m[DEBUG] PaholeExtractor:103[0m [PID 1008288] al_intc_base.o: 26 structs
2026-02-08 11:03:43 [94m[DEBUG] PaholeExtractor:94[0m [PID 1008288] Processing al_intc_msix.o
2026-02-08 11:03:43 [94m[DEBUG] PaholeExtractor:103[0m [PID 1008286] ddp_dynamic_alloc_context_memRegisters.o: 19 structs
2026-02-08 11:03:43 [94m[DEBUG] PaholeExtractor:94[0m [PID 1008286] Processing eth_ddp_pnum_translate_tableRegisters.o
2026-02-08 11:03:43 [94m[DEBUG] PaholeExtractor:103[0m [PID 1008288] al_intc_msix.o: 10 structs
2026-02-08 11:03:43 [94m[DEBUG] PaholeExtractor:94[0m [PID 1008288] Processing ap_intc_8grp_msix_unitRegisters.o
2026-02-08 11:03:43 [94m[DEBUG] PaholeExtractor:103[0m [PID 1008286] eth_ddp_pnum_translate_tableRegisters.o: 19 structs
2026-02-08 11:03:43 [94m[DEBUG] PaholeExtractor:94[0m [PID 1008286] Processing eth_ddp_mem_ctrl.o
2026-02-08 11:03:43 [94m[DEBUG] PaholeExtractor:103[0m [PID 1008288] ap_intc_8grp_msix_unitRegisters.o: 16 structs
2026-02-08 11:03:43 [94m[DEBUG] PaholeExtractor:94[0m [PID 1008288] Processing ap_intc_2grp_unitRegisters.o
2026-02-08 11:03:43 [94m[DEBUG] PaholeExtractor:103[0m [PID 1008287] al_cso_vp_controller.o: 200 structs
2026-02-08 11:03:43 [94m[DEBUG] PaholeExtractor:103[0m [PID 1008286] eth_ddp_mem_ctrl.o: 35 structs
2026-02-08 11:03:43 [94m[DEBUG] PaholeExtractor:94[0m [PID 1008287] Processing al_cso_dv_controller.o
2026-02-08 11:03:43 [94m[DEBUG] PaholeExtractor:94[0m [PID 1008286] Processing eth_ddp_cache_ctrl_bits.o
2026-02-08 11:03:44 [94m[DEBUG] PaholeExtractor:103[0m [PID 1008288] ap_intc_2grp_unitRegisters.o: 16 structs
2026-02-08 11:03:44 [94m[DEBUG] PaholeExtractor:94[0m [PID 1008288] Processing ap_intc_8grp_msix_unit.o
2026-02-08 11:03:44 [94m[DEBUG] PaholeExtractor:103[0m [PID 1008286] eth_ddp_cache_ctrl_bits.o: 25 structs
2026-02-08 11:03:44 [94m[DEBUG] PaholeExtractor:94[0m [PID 1008286] Processing ddp_dynamic_alloc_cam_tableRegisters.o
2026-02-08 11:03:44 [94m[DEBUG] PaholeExtractor:103[0m [PID 1008288] ap_intc_8grp_msix_unit.o: 25 structs
2026-02-08 11:03:44 [94m[DEBUG] PaholeExtractor:94[0m [PID 1008288] Processing ap_intc_4grp_msix_unitRegisters.o
2026-02-08 11:03:44 [94m[DEBUG] PaholeExtractor:103[0m [PID 1008286] ddp_dynamic_alloc_cam_tableRegisters.o: 19 structs
2026-02-08 11:03:44 [94m[DEBUG] PaholeExtractor:94[0m [PID 1008286] Processing eth_ddp_resource_cnt_action_table.o
2026-02-08 11:03:44 [94m[DEBUG] PaholeExtractor:103[0m [PID 1008288] ap_intc_4grp_msix_unitRegisters.o: 19 structs
2026-02-08 11:03:44 [94m[DEBUG] PaholeExtractor:94[0m [PID 1008288] Processing ap_intc_msix.o
2026-02-08 11:03:44 [94m[DEBUG] PaholeExtractor:103[0m [PID 1008286] eth_ddp_resource_cnt_action_table.o: 25 structs
2026-02-08 11:03:44 [94m[DEBUG] PaholeExtractor:94[0m [PID 1008286] Processing table_final_sel_muxRegisters.o
2026-02-08 11:03:45 [94m[DEBUG] PaholeExtractor:103[0m [PID 1008286] table_final_sel_muxRegisters.o: 19 structs
2026-02-08 11:03:45 [94m[DEBUG] PaholeExtractor:103[0m [PID 1008288] ap_intc_msix.o: 25 structs
2026-02-08 11:03:45 [94m[DEBUG] PaholeExtractor:94[0m [PID 1008286] Processing eth_ddp_mem_ctrlRegisters.o
2026-02-08 11:03:45 [94m[DEBUG] PaholeExtractor:94[0m [PID 1008288] Processing ap_intc_4grp_msix_unit.o
2026-02-08 11:03:45 [94m[DEBUG] PaholeExtractor:103[0m [PID 1008287] al_cso_dv_controller.o: 197 structs
2026-02-08 11:03:45 [94m[DEBUG] PaholeExtractor:94[0m [PID 1008287] Processing al_cso_controller_base.o
2026-02-08 11:03:45 [94m[DEBUG] PaholeExtractor:103[0m [PID 1008288] ap_intc_4grp_msix_unit.o: 25 structs
2026-02-08 11:03:45 [94m[DEBUG] PaholeExtractor:94[0m [PID 1008288] Processing ap_intc_pbaRegisters.o
2026-02-08 11:03:45 [94m[DEBUG] PaholeExtractor:103[0m [PID 1008288] ap_intc_pbaRegisters.o: 19 structs
2026-02-08 11:03:45 [94m[DEBUG] PaholeExtractor:94[0m [PID 1008288] Processing ap_intc_pba.o
2026-02-08 11:03:46 [94m[DEBUG] PaholeExtractor:103[0m [PID 1008288] ap_intc_pba.o: 25 structs
2026-02-08 11:03:46 [94m[DEBUG] PaholeExtractor:94[0m [PID 1008288] Processing ap_intc_grp_vec_tableRegisters.o
2026-02-08 11:03:46 [94m[DEBUG] PaholeExtractor:103[0m [PID 1008288] ap_intc_grp_vec_tableRegisters.o: 19 structs
2026-02-08 11:03:46 [94m[DEBUG] PaholeExtractor:94[0m [PID 1008288] Processing ap_intc_grp_ctrl.o
2026-02-08 11:03:46 [94m[DEBUG] PaholeExtractor:103[0m [PID 1008288] ap_intc_grp_ctrl.o: 25 structs
2026-02-08 11:03:46 [94m[DEBUG] PaholeExtractor:94[0m [PID 1008288] Processing ap_intc_1grp_unitRegisters.o
2026-02-08 11:03:46 [94m[DEBUG] PaholeExtractor:103[0m [PID 1008287] al_cso_controller_base.o: 226 structs
2026-02-08 11:03:46 [94m[DEBUG] PaholeExtractor:94[0m [PID 1008287] Processing al_cso_backbone.o
2026-02-08 11:03:46 [94m[DEBUG] PaholeExtractor:103[0m [PID 1008288] ap_intc_1grp_unitRegisters.o: 16 structs
2026-02-08 11:03:46 [94m[DEBUG] PaholeExtractor:94[0m [PID 1008288] Processing ap_intc_4grp_unit.o
2026-02-08 11:03:47 [94m[DEBUG] PaholeExtractor:103[0m [PID 1008286] eth_ddp_mem_ctrlRegisters.o: 36 structs
2026-02-08 11:03:47 [94m[DEBUG] PaholeExtractor:94[0m [PID 1008286] Processing ddp_tid_fconf_req_table.o
2026-02-08 11:03:47 [94m[DEBUG] PaholeExtractor:103[0m [PID 1008288] ap_intc_4grp_unit.o: 25 structs
2026-02-08 11:03:47 [94m[DEBUG] PaholeExtractor:94[0m [PID 1008288] Processing ap_intc_2grp_unit.o
2026-02-08 11:03:47 [94m[DEBUG] PaholeExtractor:103[0m [PID 1008287] al_cso_backbone.o: 192 structs
2026-02-08 11:03:47 [94m[DEBUG] PaholeExtractor:103[0m [PID 1008286] ddp_tid_fconf_req_table.o: 25 structs
2026-02-08 11:03:47 [94m[DEBUG] PaholeExtractor:94[0m [PID 1008287] Processing al_cso_unit.o
2026-02-08 11:03:47 [94m[DEBUG] PaholeExtractor:103[0m [PID 1008288] ap_intc_2grp_unit.o: 25 structs
2026-02-08 11:03:47 [94m[DEBUG] PaholeExtractor:94[0m [PID 1008288] Processing ap_intc_3grp_unit.o
2026-02-08 11:03:47 [94m[DEBUG] PaholeExtractor:94[0m [PID 1008286] Processing eth_ddp_forwarding_override_profile_tableRegisters.o
2026-02-08 11:03:47 [94m[DEBUG] PaholeExtractor:103[0m [PID 1008288] ap_intc_3grp_unit.o: 25 structs
2026-02-08 11:03:47 [94m[DEBUG] PaholeExtractor:94[0m [PID 1008288] Processing ap_intc_1grp_unit.o
2026-02-08 11:03:47 [94m[DEBUG] PaholeExtractor:103[0m [PID 1008286] eth_ddp_forwarding_override_profile_tableRegisters.o: 19 structs
2026-02-08 11:03:47 [94m[DEBUG] PaholeExtractor:94[0m [PID 1008286] Processing ddp_default_tid_table.o
2026-02-08 11:03:48 [94m[DEBUG] PaholeExtractor:103[0m [PID 1008288] ap_intc_1grp_unit.o: 25 structs
2026-02-08 11:03:48 [94m[DEBUG] PaholeExtractor:94[0m [PID 1008288] Processing ap_intc_msixRegisters.o
2026-02-08 11:03:48 [94m[DEBUG] PaholeExtractor:103[0m [PID 1008286] ddp_default_tid_table.o: 25 structs
2026-02-08 11:03:48 [94m[DEBUG] PaholeExtractor:94[0m [PID 1008286] Processing ddp_dynamic_alloc_context_compare_values_table.o
2026-02-08 11:03:48 [94m[DEBUG] PaholeExtractor:103[0m [PID 1008288] ap_intc_msixRegisters.o: 19 structs
2026-02-08 11:03:48 [94m[DEBUG] PaholeExtractor:94[0m [PID 1008288] Processing ap_intc_3grp_unitRegisters.o
2026-02-08 11:03:48 [94m[DEBUG] PaholeExtractor:103[0m [PID 1008286] ddp_dynamic_alloc_context_compare_values_table.o: 25 structs
2026-02-08 11:03:48 [94m[DEBUG] PaholeExtractor:103[0m [PID 1008288] ap_intc_3grp_unitRegisters.o: 16 structs
2026-02-08 11:03:48 [94m[DEBUG] PaholeExtractor:94[0m [PID 1008286] Processing ddp_dynamic_alloc_cmd_table.o
2026-02-08 11:03:48 [94m[DEBUG] PaholeExtractor:94[0m [PID 1008288] Processing ap_intc_grp_vec_table.o
2026-02-08 11:03:48 [94m[DEBUG] PaholeExtractor:103[0m [PID 1008288] ap_intc_grp_vec_table.o: 25 structs
2026-02-08 11:03:48 [94m[DEBUG] PaholeExtractor:94[0m [PID 1008288] Processing ap_intc_grp_ctrlRegisters.o
2026-02-08 11:03:48 [94m[DEBUG] PaholeExtractor:103[0m [PID 1008286] ddp_dynamic_alloc_cmd_table.o: 25 structs
2026-02-08 11:03:48 [94m[DEBUG] PaholeExtractor:94[0m [PID 1008286] Processing ddp_pupa_pkt_selection_table.o
2026-02-08 11:03:49 [94m[DEBUG] PaholeExtractor:103[0m [PID 1008288] ap_intc_grp_ctrlRegisters.o: 19 structs
2026-02-08 11:03:49 [94m[DEBUG] PaholeExtractor:94[0m [PID 1008288] Processing ap_intc_4grp_unitRegisters.o
2026-02-08 11:03:49 [94m[DEBUG] PaholeExtractor:103[0m [PID 1008286] ddp_pupa_pkt_selection_table.o: 25 structs
2026-02-08 11:03:49 [94m[DEBUG] PaholeExtractor:94[0m [PID 1008286] Processing ddp_tid_sw_rsp_table.o
2026-02-08 11:03:49 [94m[DEBUG] PaholeExtractor:103[0m [PID 1008288] ap_intc_4grp_unitRegisters.o: 16 structs
2026-02-08 11:03:49 [94m[DEBUG] PaholeExtractor:94[0m [PID 1008288] Processing al_citadel_vp_wrapper_base.o
2026-02-08 11:03:49 [94m[DEBUG] PaholeExtractor:103[0m [PID 1008286] ddp_tid_sw_rsp_table.o: 25 structs
2026-02-08 11:03:49 [94m[DEBUG] PaholeExtractor:94[0m [PID 1008286] Processing eth_ddp_cpuRegisters.o
2026-02-08 11:03:49 [94m[DEBUG] PaholeExtractor:103[0m [PID 1008286] eth_ddp_cpuRegisters.o: 42 structs
2026-02-08 11:03:49 [94m[DEBUG] PaholeExtractor:94[0m [PID 1008286] Processing ddp_dynamic_alloc_en_table.o
2026-02-08 11:03:50 [94m[DEBUG] PaholeExtractor:103[0m [PID 1008286] ddp_dynamic_alloc_en_table.o: 25 structs
2026-02-08 11:03:50 [94m[DEBUG] PaholeExtractor:94[0m [PID 1008286] Processing ddp_dynamic_alloc_res_tableRegisters.o
2026-02-08 11:03:50 [94m[DEBUG] PaholeExtractor:103[0m [PID 1008287] al_cso_unit.o: 623 structs
2026-02-08 11:03:50 [94m[DEBUG] PaholeExtractor:94[0m [PID 1008287] Processing al_cso_compl_aux.o
2026-02-08 11:03:50 [94m[DEBUG] PaholeExtractor:103[0m [PID 1008286] ddp_dynamic_alloc_res_tableRegisters.o: 19 structs
2026-02-08 11:03:50 [94m[DEBUG] PaholeExtractor:103[0m [PID 1008288] al_citadel_vp_wrapper_base.o: 325 structs
2026-02-08 11:03:50 [94m[DEBUG] PaholeExtractor:94[0m [PID 1008286] Processing eth_ddp_vf_pn_buff_map_tableRegisters.o
2026-02-08 11:03:50 [94m[DEBUG] PaholeExtractor:94[0m [PID 1008288] Processing al_citadel_strm_vp_wrapper.o
2026-02-08 11:03:50 [94m[DEBUG] PaholeExtractor:103[0m [PID 1008286] eth_ddp_vf_pn_buff_map_tableRegisters.o: 19 structs
2026-02-08 11:03:50 [94m[DEBUG] PaholeExtractor:103[0m [PID 1008287] al_cso_compl_aux.o: 72 structs
2026-02-08 11:03:50 [94m[DEBUG] PaholeExtractor:94[0m [PID 1008286] Processing eth_ddp_cache_ctrl_table.o
2026-02-08 11:03:50 [94m[DEBUG] PaholeExtractor:94[0m [PID 1008287] Processing ap_tracer_client_cso_top_debug_tracer_client_ap_tracer_clientRegisters.o
2026-02-08 11:03:51 [94m[DEBUG] PaholeExtractor:103[0m [PID 1008286] eth_ddp_cache_ctrl_table.o: 25 structs
2026-02-08 11:03:51 [94m[DEBUG] PaholeExtractor:94[0m [PID 1008286] Processing eth_ddp_cache_map_cmd_extractRegisters.o
2026-02-08 11:03:51 [94m[DEBUG] PaholeExtractor:103[0m [PID 1008287] ap_tracer_client_cso_top_debug_tracer_client_ap_tracer_clientRegisters.o: 19 structs
2026-02-08 11:03:51 [94m[DEBUG] PaholeExtractor:94[0m [PID 1008287] Processing ap_tracer_client_cso_top_debug_tracer_client_ap_tracer_client.o
2026-02-08 11:03:51 [94m[DEBUG] PaholeExtractor:103[0m [PID 1008286] eth_ddp_cache_map_cmd_extractRegisters.o: 19 structs
2026-02-08 11:03:51 [94m[DEBUG] PaholeExtractor:103[0m [PID 1008288] al_citadel_strm_vp_wrapper.o: 326 structs
2026-02-08 11:03:51 [94m[DEBUG] PaholeExtractor:94[0m [PID 1008286] Processing ddp_stream_ctrl_tableRegisters.o
2026-02-08 11:03:51 [94m[DEBUG] PaholeExtractor:94[0m [PID 1008288] Processing al_citadel_strm_wrapper.dladapter.o
2026-02-08 11:03:51 [94m[DEBUG] PaholeExtractor:103[0m [PID 1008287] ap_tracer_client_cso_top_debug_tracer_client_ap_tracer_client.o: 25 structs
2026-02-08 11:03:51 [94m[DEBUG] PaholeExtractor:94[0m [PID 1008287] Processing cso_eob_action_tableRegisters.o
2026-02-08 11:03:51 [94m[DEBUG] PaholeExtractor:103[0m [PID 1008286] ddp_stream_ctrl_tableRegisters.o: 19 structs
2026-02-08 11:03:51 [94m[DEBUG] PaholeExtractor:103[0m [PID 1008287] cso_eob_action_tableRegisters.o: 19 structs
2026-02-08 11:03:51 [94m[DEBUG] PaholeExtractor:94[0m [PID 1008286] Processing ddp_fconf_rcm_req_tableRegisters.o
2026-02-08 11:03:52 [94m[DEBUG] PaholeExtractor:94[0m [PID 1008287] Processing cso_eob_action_table.o
2026-02-08 11:03:52 [94m[DEBUG] PaholeExtractor:103[0m [PID 1008286] ddp_fconf_rcm_req_tableRegisters.o: 19 structs
2026-02-08 11:03:52 [94m[DEBUG] PaholeExtractor:103[0m [PID 1008287] cso_eob_action_table.o: 25 structs
2026-02-08 11:03:52 [94m[DEBUG] PaholeExtractor:94[0m [PID 1008286] Processing ddp_dynamic_alloc_evict_req.o
2026-02-08 11:03:52 [94m[DEBUG] PaholeExtractor:94[0m [PID 1008287] Processing cso_cq_credit_state_table.o
2026-02-08 11:03:52 [94m[DEBUG] PaholeExtractor:103[0m [PID 1008287] cso_cq_credit_state_table.o: 25 structs
2026-02-08 11:03:52 [94m[DEBUG] PaholeExtractor:103[0m [PID 1008286] ddp_dynamic_alloc_evict_req.o: 25 structs
2026-02-08 11:03:52 [94m[DEBUG] PaholeExtractor:94[0m [PID 1008287] Processing cso_q_tuple_thr_ptr_setRegisters.o
2026-02-08 11:03:52 [94m[DEBUG] PaholeExtractor:94[0m [PID 1008286] Processing eth_ddp_cache_ctrl_tableRegisters.o
2026-02-08 11:03:52 [94m[DEBUG] PaholeExtractor:103[0m [PID 1008288] al_citadel_strm_wrapper.dladapter.o: 426 structs
2026-02-08 11:03:52 [94m[DEBUG] PaholeExtractor:103[0m [PID 1008287] cso_q_tuple_thr_ptr_setRegisters.o: 19 structs
2026-02-08 11:03:52 [94m[DEBUG] PaholeExtractor:94[0m [PID 1008288] Processing pcie_x16_snps_wrapper_muxes.o
2026-02-08 11:03:53 [94m[DEBUG] PaholeExtractor:103[0m [PID 1008286] eth_ddp_cache_ctrl_tableRegisters.o: 19 structs
2026-02-08 11:03:53 [94m[DEBUG] PaholeExtractor:94[0m [PID 1008287] Processing cso_q_tuple_mask_tableRegisters.o
2026-02-08 11:03:53 [94m[DEBUG] PaholeExtractor:94[0m [PID 1008286] Processing ddp_dynamic_alloc_res_table.o
2026-02-08 11:03:53 [94m[DEBUG] PaholeExtractor:99[0m [PID 1008288] Skipped pcie_x16_snps_wrapper_muxes.o: pahole error
2026-02-08 11:03:53 [94m[DEBUG] PaholeExtractor:103[0m [PID 1008287] cso_q_tuple_mask_tableRegisters.o: 19 structs
2026-02-08 11:03:53 [94m[DEBUG] PaholeExtractor:94[0m [PID 1008288] Processing main.o
2026-02-08 11:03:53 [94m[DEBUG] PaholeExtractor:103[0m [PID 1008286] ddp_dynamic_alloc_res_table.o: 25 structs
2026-02-08 11:03:53 [94m[DEBUG] PaholeExtractor:94[0m [PID 1008287] Processing cso_q_tuple_thr_ptr_set.o
2026-02-08 11:03:53 [94m[DEBUG] PaholeExtractor:94[0m [PID 1008286] Processing ddp_dynamic_alloc_resource_redirection_table.o
2026-02-08 11:03:53 [94m[DEBUG] PaholeExtractor:99[0m [PID 1008288] Skipped main.o: pahole error
2026-02-08 11:03:53 [94m[DEBUG] PaholeExtractor:94[0m [PID 1008288] Processing pcie_x16_pcie_core_rc.o
2026-02-08 11:03:53 [94m[DEBUG] PaholeExtractor:103[0m [PID 1008286] ddp_dynamic_alloc_resource_redirection_table.o: 25 structs
2026-02-08 11:03:53 [94m[DEBUG] PaholeExtractor:94[0m [PID 1008286] Processing ddp_fconf_rcm_req_table.o
2026-02-08 11:03:53 [94m[DEBUG] PaholeExtractor:103[0m [PID 1008287] cso_q_tuple_thr_ptr_set.o: 25 structs
2026-02-08 11:03:53 [94m[DEBUG] PaholeExtractor:99[0m [PID 1008288] Skipped pcie_x16_pcie_core_rc.o: pahole error
2026-02-08 11:03:53 [94m[DEBUG] PaholeExtractor:94[0m [PID 1008287] Processing cso_sq_state_context_tableRegisters.o
2026-02-08 11:03:53 [94m[DEBUG] PaholeExtractor:94[0m [PID 1008288] Processing pcie_x16_dynamic_load_adapter.o
2026-02-08 11:03:53 [94m[DEBUG] PaholeExtractor:99[0m [PID 1008288] Skipped pcie_x16_dynamic_load_adapter.o: pahole error
2026-02-08 11:03:53 [94m[DEBUG] PaholeExtractor:94[0m [PID 1008288] Processing pcie_x16_pcie_core_ep.o
2026-02-08 11:03:53 [94m[DEBUG] PaholeExtractor:103[0m [PID 1008286] ddp_fconf_rcm_req_table.o: 25 structs
2026-02-08 11:03:54 [94m[DEBUG] PaholeExtractor:103[0m [PID 1008287] cso_sq_state_context_tableRegisters.o: 19 structs
2026-02-08 11:03:54 [94m[DEBUG] PaholeExtractor:94[0m [PID 1008286] Processing eth_ddp_section_ctrl_tableRegisters.o
2026-02-08 11:03:54 [94m[DEBUG] PaholeExtractor:94[0m [PID 1008287] Processing cso_cq_credit_state_tableRegisters.o
2026-02-08 11:03:54 [94m[DEBUG] PaholeExtractor:99[0m [PID 1008288] Skipped pcie_x16_pcie_core_ep.o: pahole error
2026-02-08 11:03:54 [94m[DEBUG] PaholeExtractor:94[0m [PID 1008288] Processing pcie_x16.o
2026-02-08 11:03:54 [94m[DEBUG] PaholeExtractor:103[0m [PID 1008286] eth_ddp_section_ctrl_tableRegisters.o: 19 structs
2026-02-08 11:03:54 [94m[DEBUG] PaholeExtractor:103[0m [PID 1008287] cso_cq_credit_state_tableRegisters.o: 19 structs
2026-02-08 11:03:54 [94m[DEBUG] PaholeExtractor:94[0m [PID 1008286] Processing eth_ddp_vf_pn_buff_map_table.o
2026-02-08 11:03:54 [94m[DEBUG] PaholeExtractor:94[0m [PID 1008287] Processing cso_cq_req_table.o
2026-02-08 11:03:54 [94m[DEBUG] PaholeExtractor:99[0m [PID 1008288] Skipped pcie_x16.o: pahole error
2026-02-08 11:03:54 [94m[DEBUG] PaholeExtractor:94[0m [PID 1008288] Processing al_base_unit_inout.o
2026-02-08 11:03:54 [94m[DEBUG] PaholeExtractor:103[0m [PID 1008287] cso_cq_req_table.o: 25 structs
2026-02-08 11:03:54 [94m[DEBUG] PaholeExtractor:94[0m [PID 1008287] Processing cso_controller_top.o
2026-02-08 11:03:54 [94m[DEBUG] PaholeExtractor:103[0m [PID 1008286] eth_ddp_vf_pn_buff_map_table.o: 25 structs
2026-02-08 11:03:54 [94m[DEBUG] PaholeExtractor:94[0m [PID 1008286] Processing eth_ddp_section_ctrl_table.o
2026-02-08 11:03:55 [94m[DEBUG] PaholeExtractor:103[0m [PID 1008286] eth_ddp_section_ctrl_table.o: 25 structs
2026-02-08 11:03:55 [94m[DEBUG] PaholeExtractor:103[0m [PID 1008287] cso_controller_top.o: 55 structs
2026-02-08 11:03:55 [94m[DEBUG] PaholeExtractor:94[0m [PID 1008286] Processing eth_ddp_reg_buff_table.o
2026-02-08 11:03:55 [94m[DEBUG] PaholeExtractor:94[0m [PID 1008287] Processing cso_cq_req_tableRegisters.o
2026-02-08 11:03:55 [94m[DEBUG] PaholeExtractor:103[0m [PID 1008286] eth_ddp_reg_buff_table.o: 25 structs
2026-02-08 11:03:55 [94m[DEBUG] PaholeExtractor:103[0m [PID 1008287] cso_cq_req_tableRegisters.o: 19 structs
2026-02-08 11:03:55 [94m[DEBUG] PaholeExtractor:94[0m [PID 1008286] Processing eth_ddp_ring_mgr_map_table.o
2026-02-08 11:03:55 [94m[DEBUG] PaholeExtractor:94[0m [PID 1008287] Processing cso_pkt_alu_calc_cfg_tableRegisters.o
2026-02-08 11:03:55 [94m[DEBUG] PaholeExtractor:103[0m [PID 1008286] eth_ddp_ring_mgr_map_table.o: 25 structs
2026-02-08 11:03:55 [94m[DEBUG] PaholeExtractor:94[0m [PID 1008286] Processing eth_ddp_dynamic_cnt_allocRegisters.o
2026-02-08 11:03:55 [94m[DEBUG] PaholeExtractor:103[0m [PID 1008287] cso_pkt_alu_calc_cfg_tableRegisters.o: 19 structs
2026-02-08 11:03:55 [94m[DEBUG] PaholeExtractor:94[0m [PID 1008287] Processing cso_q_tuple_mask_dbg_table.o
2026-02-08 11:03:55 [94m[DEBUG] PaholeExtractor:103[0m [PID 1008288] al_base_unit_inout.o: 356 structs
2026-02-08 11:03:55 [94m[DEBUG] PaholeExtractor:94[0m [PID 1008288] Processing al_base_unit.o
2026-02-08 11:03:56 [94m[DEBUG] PaholeExtractor:103[0m [PID 1008287] cso_q_tuple_mask_dbg_table.o: 25 structs
2026-02-08 11:03:56 [94m[DEBUG] PaholeExtractor:94[0m [PID 1008287] Processing cso_axi_backboneRegisters.o
2026-02-08 11:03:56 [94m[DEBUG] PaholeExtractor:103[0m [PID 1008288] al_base_unit.o: 348 structs
2026-02-08 11:03:56 [94m[DEBUG] PaholeExtractor:94[0m [PID 1008288] Processing al_base_unit64.o
2026-02-08 11:03:56 [94m[DEBUG] PaholeExtractor:103[0m [PID 1008287] cso_axi_backboneRegisters.o: 82 structs
2026-02-08 11:03:57 [94m[DEBUG] PaholeExtractor:94[0m [PID 1008287] Processing cso_topRegisters.o
2026-02-08 11:03:57 [94m[DEBUG] PaholeExtractor:103[0m [PID 1008286] eth_ddp_dynamic_cnt_allocRegisters.o: 199 structs
2026-02-08 11:03:57 [94m[DEBUG] PaholeExtractor:94[0m [PID 1008286] Processing ddp_stream_ctrl_table.o
2026-02-08 11:03:57 [94m[DEBUG] PaholeExtractor:103[0m [PID 1008288] al_base_unit64.o: 347 structs
2026-02-08 11:03:57 [94m[DEBUG] PaholeExtractor:94[0m [PID 1008288] Processing al_base_unit_inout_only.o
2026-02-08 11:03:57 [94m[DEBUG] PaholeExtractor:103[0m [PID 1008286] ddp_stream_ctrl_table.o: 25 structs
2026-02-08 11:03:57 [94m[DEBUG] PaholeExtractor:94[0m [PID 1008286] Processing ddp_dynamic_alloc_context_profile_table.o
2026-02-08 11:03:58 [94m[DEBUG] PaholeExtractor:103[0m [PID 1008286] ddp_dynamic_alloc_context_profile_table.o: 25 structs
2026-02-08 11:03:58 [94m[DEBUG] PaholeExtractor:103[0m [PID 1008287] cso_topRegisters.o: 135 structs
2026-02-08 11:03:58 [94m[DEBUG] PaholeExtractor:94[0m [PID 1008286] Processing ddp_vq_ring_ctrlRegisters.o
2026-02-08 11:03:58 [94m[DEBUG] PaholeExtractor:94[0m [PID 1008287] Processing cso_miss_action_table.o
2026-02-08 11:03:58 [94m[DEBUG] PaholeExtractor:103[0m [PID 1008288] al_base_unit_inout_only.o: 22 structs
2026-02-08 11:03:58 [94m[DEBUG] PaholeExtractor:94[0m [PID 1008288] Processing AP_MEM_CTRL_v2.o
2026-02-08 11:03:58 [94m[DEBUG] PaholeExtractor:103[0m [PID 1008286] ddp_vq_ring_ctrlRegisters.o: 19 structs
2026-02-08 11:03:58 [94m[DEBUG] PaholeExtractor:103[0m [PID 1008287] cso_miss_action_table.o: 25 structs
2026-02-08 11:03:58 [94m[DEBUG] PaholeExtractor:94[0m [PID 1008286] Processing eth_ddp_cache_ctrl_bitsRegisters.o
2026-02-08 11:03:58 [94m[DEBUG] PaholeExtractor:94[0m [PID 1008287] Processing cso_mem_ctrlRegisters.o
2026-02-08 11:03:58 [94m[DEBUG] PaholeExtractor:103[0m [PID 1008286] eth_ddp_cache_ctrl_bitsRegisters.o: 19 structs
2026-02-08 11:03:58 [94m[DEBUG] PaholeExtractor:103[0m [PID 1008288] AP_MEM_CTRL_v2.o: 25 structs
2026-02-08 11:03:58 [94m[DEBUG] PaholeExtractor:94[0m [PID 1008286] Processing ddp_dynamic_alloc_err_code_table.o
2026-02-08 11:03:59 [94m[DEBUG] PaholeExtractor:94[0m [PID 1008288] Processing AP_MEM_CTRL_v2Registers.o
2026-02-08 11:03:59 [94m[DEBUG] PaholeExtractor:103[0m [PID 1008286] ddp_dynamic_alloc_err_code_table.o: 25 structs
2026-02-08 11:03:59 [94m[DEBUG] PaholeExtractor:94[0m [PID 1008286] Processing ddp_vq_ring_ctrl.o
2026-02-08 11:03:59 [94m[DEBUG] PaholeExtractor:103[0m [PID 1008288] AP_MEM_CTRL_v2Registers.o: 19 structs
2026-02-08 11:03:59 [94m[DEBUG] PaholeExtractor:94[0m [PID 1008288] Processing AP_TABLE_CTRLRegisters.o
2026-02-08 11:03:59 [94m[DEBUG] PaholeExtractor:103[0m [PID 1008286] ddp_vq_ring_ctrl.o: 25 structs
2026-02-08 11:03:59 [94m[DEBUG] PaholeExtractor:94[0m [PID 1008286] Processing ddp_dynamic_alloc_context_update_mask_table.o
2026-02-08 11:04:00 [94m[DEBUG] PaholeExtractor:103[0m [PID 1008286] ddp_dynamic_alloc_context_update_mask_table.o: 25 structs
2026-02-08 11:04:00 [94m[DEBUG] PaholeExtractor:94[0m [PID 1008286] Processing ddp_dynamic_alloc_cmd_tableRegisters.o
2026-02-08 11:04:00 [94m[DEBUG] PaholeExtractor:103[0m [PID 1008288] AP_TABLE_CTRLRegisters.o: 19 structs
2026-02-08 11:04:00 [94m[DEBUG] PaholeExtractor:94[0m [PID 1008288] Processing AP_TABLE_CTRL.o
2026-02-08 11:04:00 [94m[DEBUG] PaholeExtractor:103[0m [PID 1008286] ddp_dynamic_alloc_cmd_tableRegisters.o: 19 structs
2026-02-08 11:04:00 [94m[DEBUG] PaholeExtractor:94[0m [PID 1008286] Processing eth_ddp_buffer_availability_lookup_table.o
2026-02-08 11:04:00 [94m[DEBUG] PaholeExtractor:103[0m [PID 1008288] AP_TABLE_CTRL.o: 25 structs
2026-02-08 11:04:00 [94m[DEBUG] PaholeExtractor:94[0m [PID 1008288] Processing PMDT_CCTM.o
2026-02-08 11:04:00 [94m[DEBUG] PaholeExtractor:103[0m [PID 1008287] cso_mem_ctrlRegisters.o: 36 structs
2026-02-08 11:04:00 [94m[DEBUG] PaholeExtractor:94[0m [PID 1008287] Processing cso_q_tuple_mask_table.o
2026-02-08 11:04:00 [94m[DEBUG] PaholeExtractor:103[0m [PID 1008286] eth_ddp_buffer_availability_lookup_table.o: 25 structs
2026-02-08 11:04:00 [94m[DEBUG] PaholeExtractor:94[0m [PID 1008286] Processing eth_ddp_desc_validation_parity_mask_table.o
2026-02-08 11:04:01 [94m[DEBUG] PaholeExtractor:103[0m [PID 1008288] PMDT_CCTM.o: 25 structs
2026-02-08 11:04:01 [94m[DEBUG] PaholeExtractor:103[0m [PID 1008287] cso_q_tuple_mask_table.o: 25 structs
2026-02-08 11:04:01 [94m[DEBUG] PaholeExtractor:94[0m [PID 1008288] Processing PMDT_CCTMRegisters.o
2026-02-08 11:04:01 [94m[DEBUG] PaholeExtractor:94[0m [PID 1008287] Processing eob_action_remap_ptr_tableRegisters.o
2026-02-08 11:04:01 [94m[DEBUG] PaholeExtractor:103[0m [PID 1008286] eth_ddp_desc_validation_parity_mask_table.o: 25 structs
2026-02-08 11:04:01 [94m[DEBUG] PaholeExtractor:94[0m [PID 1008286] Processing ddp_dynamic_alloc_context_compare_values_tableRegisters.o
2026-02-08 11:04:01 [94m[DEBUG] PaholeExtractor:103[0m [PID 1008287] eob_action_remap_ptr_tableRegisters.o: 19 structs
2026-02-08 11:04:01 [94m[DEBUG] PaholeExtractor:94[0m [PID 1008287] Processing cso_in_arblist_table.o
2026-02-08 11:04:01 [94m[DEBUG] PaholeExtractor:103[0m [PID 1008288] PMDT_CCTMRegisters.o: 19 structs
2026-02-08 11:04:01 [94m[DEBUG] PaholeExtractor:103[0m [PID 1008286] ddp_dynamic_alloc_context_compare_values_tableRegisters.o: 19 structs
2026-02-08 11:04:01 [94m[DEBUG] PaholeExtractor:94[0m [PID 1008288] Processing al_cctm_unit_base.o
2026-02-08 11:04:01 [94m[DEBUG] PaholeExtractor:94[0m [PID 1008286] Processing eth_ddp_desc_validation_tableRegisters.o
2026-02-08 11:04:01 [94m[DEBUG] PaholeExtractor:103[0m [PID 1008287] cso_in_arblist_table.o: 25 structs
2026-02-08 11:04:01 [94m[DEBUG] PaholeExtractor:94[0m [PID 1008287] Processing cso_cq_credit_cfg_table.o
2026-02-08 11:04:01 [94m[DEBUG] PaholeExtractor:103[0m [PID 1008286] eth_ddp_desc_validation_tableRegisters.o: 19 structs
2026-02-08 11:04:01 [94m[DEBUG] PaholeExtractor:94[0m [PID 1008286] Processing eth_ddp_reg_buff_tableRegisters.o
2026-02-08 11:04:02 [94m[DEBUG] PaholeExtractor:103[0m [PID 1008287] cso_cq_credit_cfg_table.o: 25 structs
2026-02-08 11:04:02 [94m[DEBUG] PaholeExtractor:103[0m [PID 1008286] eth_ddp_reg_buff_tableRegisters.o: 19 structs
2026-02-08 11:04:02 [94m[DEBUG] PaholeExtractor:94[0m [PID 1008287] Processing cso_axi_backbone.o
2026-02-08 11:04:02 [94m[DEBUG] PaholeExtractor:94[0m [PID 1008286] Processing eth_ddp_desc_extract_table.o
2026-02-08 11:04:02 [94m[DEBUG] PaholeExtractor:103[0m [PID 1008288] al_cctm_unit_base.o: 360 structs
2026-02-08 11:04:02 [94m[DEBUG] PaholeExtractor:94[0m [PID 1008288] Processing al_intc_msix.o
2026-02-08 11:04:02 [94m[DEBUG] PaholeExtractor:103[0m [PID 1008286] eth_ddp_desc_extract_table.o: 25 structs
2026-02-08 11:04:02 [94m[DEBUG] PaholeExtractor:103[0m [PID 1008287] cso_axi_backbone.o: 25 structs
2026-02-08 11:04:02 [94m[DEBUG] PaholeExtractor:94[0m [PID 1008286] Processing ddp_dynamic_alloc_mask_tableRegisters.o
2026-02-08 11:04:02 [94m[DEBUG] PaholeExtractor:94[0m [PID 1008287] Processing cso_cq_credit_cfg_tableRegisters.o
2026-02-08 11:04:02 [94m[DEBUG] PaholeExtractor:103[0m [PID 1008288] al_intc_msix.o: 10 structs
2026-02-08 11:04:02 [94m[DEBUG] PaholeExtractor:94[0m [PID 1008288] Processing al_intc_base.o
2026-02-08 11:04:03 [94m[DEBUG] PaholeExtractor:103[0m [PID 1008286] ddp_dynamic_alloc_mask_tableRegisters.o: 19 structs
2026-02-08 11:04:03 [94m[DEBUG] PaholeExtractor:103[0m [PID 1008287] cso_cq_credit_cfg_tableRegisters.o: 19 structs
2026-02-08 11:04:03 [94m[DEBUG] PaholeExtractor:94[0m [PID 1008286] Processing ddp_vq_ring_ptr.o
2026-02-08 11:04:03 [94m[DEBUG] PaholeExtractor:94[0m [PID 1008287] Processing cso_q_tuple_mask_dbg_tableRegisters.o
2026-02-08 11:04:03 [94m[DEBUG] PaholeExtractor:103[0m [PID 1008288] al_intc_base.o: 26 structs
2026-02-08 11:04:03 [94m[DEBUG] PaholeExtractor:94[0m [PID 1008288] Processing ap_intc_pbaRegisters.o
2026-02-08 11:04:03 [94m[DEBUG] PaholeExtractor:103[0m [PID 1008287] cso_q_tuple_mask_dbg_tableRegisters.o: 19 structs
2026-02-08 11:04:03 [94m[DEBUG] PaholeExtractor:103[0m [PID 1008286] ddp_vq_ring_ptr.o: 25 structs
2026-02-08 11:04:03 [94m[DEBUG] PaholeExtractor:94[0m [PID 1008287] Processing cso_pkt_alu_calc_cfg_table.o
2026-02-08 11:04:03 [94m[DEBUG] PaholeExtractor:94[0m [PID 1008286] Processing ddp_packet_validation_tableRegisters.o
2026-02-08 11:04:03 [94m[DEBUG] PaholeExtractor:103[0m [PID 1008288] ap_intc_pbaRegisters.o: 19 structs
2026-02-08 11:04:03 [94m[DEBUG] PaholeExtractor:94[0m [PID 1008288] Processing ap_intc_4grp_msix_unitRegisters.o
2026-02-08 11:04:03 [94m[DEBUG] PaholeExtractor:103[0m [PID 1008286] ddp_packet_validation_tableRegisters.o: 19 structs
2026-02-08 11:04:03 [94m[DEBUG] PaholeExtractor:103[0m [PID 1008287] cso_pkt_alu_calc_cfg_table.o: 25 structs
2026-02-08 11:04:03 [94m[DEBUG] PaholeExtractor:94[0m [PID 1008286] Processing eth_ddp_desc_err_code_tableRegisters.o
2026-02-08 11:04:03 [94m[DEBUG] PaholeExtractor:94[0m [PID 1008287] Processing cso_top.o
2026-02-08 11:04:04 [94m[DEBUG] PaholeExtractor:103[0m [PID 1008288] ap_intc_4grp_msix_unitRegisters.o: 19 structs
2026-02-08 11:04:04 [94m[DEBUG] PaholeExtractor:94[0m [PID 1008288] Processing ap_intc_grp_ctrlRegisters.o
2026-02-08 11:04:04 [94m[DEBUG] PaholeExtractor:103[0m [PID 1008286] eth_ddp_desc_err_code_tableRegisters.o: 19 structs
2026-02-08 11:04:04 [94m[DEBUG] PaholeExtractor:94[0m [PID 1008286] Processing eth_ddp_cpu_tablesRegisters.o
2026-02-08 11:04:04 [94m[DEBUG] PaholeExtractor:103[0m [PID 1008287] cso_top.o: 104 structs
2026-02-08 11:04:04 [94m[DEBUG] PaholeExtractor:94[0m [PID 1008287] Processing cso_mem_ctrl.o
2026-02-08 11:04:04 [94m[DEBUG] PaholeExtractor:103[0m [PID 1008288] ap_intc_grp_ctrlRegisters.o: 19 structs
2026-02-08 11:04:04 [94m[DEBUG] PaholeExtractor:94[0m [PID 1008288] Processing ap_intc_8grp_msix_unitRegisters.o
2026-02-08 11:04:04 [94m[DEBUG] PaholeExtractor:103[0m [PID 1008287] cso_mem_ctrl.o: 35 structs
2026-02-08 11:04:04 [94m[DEBUG] PaholeExtractor:103[0m [PID 1008288] ap_intc_8grp_msix_unitRegisters.o: 16 structs
2026-02-08 11:04:04 [94m[DEBUG] PaholeExtractor:94[0m [PID 1008287] Processing cso_sq_state_context_table.o
2026-02-08 11:04:04 [94m[DEBUG] PaholeExtractor:94[0m [PID 1008288] Processing ap_intc_1grp_unit.o
2026-02-08 11:04:04 [94m[DEBUG] PaholeExtractor:103[0m [PID 1008286] eth_ddp_cpu_tablesRegisters.o: 82 structs
2026-02-08 11:04:04 [94m[DEBUG] PaholeExtractor:94[0m [PID 1008286] Processing eth_ddp_vq_desc_validation_table.o
2026-02-08 11:04:05 [94m[DEBUG] PaholeExtractor:103[0m [PID 1008288] ap_intc_1grp_unit.o: 25 structs
2026-02-08 11:04:05 [94m[DEBUG] PaholeExtractor:103[0m [PID 1008287] cso_sq_state_context_table.o: 25 structs
2026-02-08 11:04:05 [94m[DEBUG] PaholeExtractor:94[0m [PID 1008288] Processing ap_intc_2grp_unitRegisters.o
2026-02-08 11:04:05 [94m[DEBUG] PaholeExtractor:94[0m [PID 1008287] Processing cso_sq_cfg_context_tableRegisters.o
2026-02-08 11:04:05 [94m[DEBUG] PaholeExtractor:103[0m [PID 1008286] eth_ddp_vq_desc_validation_table.o: 25 structs
2026-02-08 11:04:05 [94m[DEBUG] PaholeExtractor:94[0m [PID 1008286] Processing ddp_stream_override_table.o
2026-02-08 11:04:05 [94m[DEBUG] PaholeExtractor:103[0m [PID 1008288] ap_intc_2grp_unitRegisters.o: 16 structs
2026-02-08 11:04:05 [94m[DEBUG] PaholeExtractor:94[0m [PID 1008288] Processing ap_intc_3grp_unit.o
2026-02-08 11:04:05 [94m[DEBUG] PaholeExtractor:103[0m [PID 1008287] cso_sq_cfg_context_tableRegisters.o: 19 structs
2026-02-08 11:04:05 [94m[DEBUG] PaholeExtractor:94[0m [PID 1008287] Processing cso_q_info_table.o
2026-02-08 11:04:05 [94m[DEBUG] PaholeExtractor:103[0m [PID 1008286] ddp_stream_override_table.o: 25 structs
2026-02-08 11:04:05 [94m[DEBUG] PaholeExtractor:94[0m [PID 1008286] Processing eth_ddp_desc_profile_table.o
2026-02-08 11:04:05 [94m[DEBUG] PaholeExtractor:103[0m [PID 1008288] ap_intc_3grp_unit.o: 25 structs
2026-02-08 11:04:05 [94m[DEBUG] PaholeExtractor:94[0m [PID 1008288] Processing ap_intc_2grp_unit.o
2026-02-08 11:04:06 [94m[DEBUG] PaholeExtractor:103[0m [PID 1008287] cso_q_info_table.o: 25 structs
2026-02-08 11:04:06 [94m[DEBUG] PaholeExtractor:94[0m [PID 1008287] Processing cso_sq_cfg_context_table.o
2026-02-08 11:04:06 [94m[DEBUG] PaholeExtractor:103[0m [PID 1008286] eth_ddp_desc_profile_table.o: 25 structs
2026-02-08 11:04:06 [94m[DEBUG] PaholeExtractor:94[0m [PID 1008286] Processing eth_ddp_desc_extract_tableRegisters.o
2026-02-08 11:04:06 [94m[DEBUG] PaholeExtractor:103[0m [PID 1008288] ap_intc_2grp_unit.o: 25 structs
2026-02-08 11:04:06 [94m[DEBUG] PaholeExtractor:94[0m [PID 1008288] Processing ap_intc_4grp_unit.o
2026-02-08 11:04:06 [94m[DEBUG] PaholeExtractor:103[0m [PID 1008287] cso_sq_cfg_context_table.o: 25 structs
2026-02-08 11:04:06 [94m[DEBUG] PaholeExtractor:94[0m [PID 1008287] Processing cso_miss_action_tableRegisters.o
2026-02-08 11:04:06 [94m[DEBUG] PaholeExtractor:103[0m [PID 1008286] eth_ddp_desc_extract_tableRegisters.o: 19 structs
2026-02-08 11:04:06 [94m[DEBUG] PaholeExtractor:103[0m [PID 1008288] ap_intc_4grp_unit.o: 25 structs
2026-02-08 11:04:06 [94m[DEBUG] PaholeExtractor:94[0m [PID 1008286] Processing ddp_dynamic_alloc_context_profile_tableRegisters.o
2026-02-08 11:04:06 [94m[DEBUG] PaholeExtractor:94[0m [PID 1008288] Processing ap_intc_4grp_unitRegisters.o
2026-02-08 11:04:06 [94m[DEBUG] PaholeExtractor:103[0m [PID 1008287] cso_miss_action_tableRegisters.o: 19 structs
2026-02-08 11:04:06 [94m[DEBUG] PaholeExtractor:94[0m [PID 1008287] Processing cso_controller_topRegisters.o
2026-02-08 11:04:06 [94m[DEBUG] PaholeExtractor:103[0m [PID 1008288] ap_intc_4grp_unitRegisters.o: 16 structs
2026-02-08 11:04:06 [94m[DEBUG] PaholeExtractor:103[0m [PID 1008286] ddp_dynamic_alloc_context_profile_tableRegisters.o: 19 structs
2026-02-08 11:04:06 [94m[DEBUG] PaholeExtractor:94[0m [PID 1008288] Processing ap_intc_msixRegisters.o
2026-02-08 11:04:06 [94m[DEBUG] PaholeExtractor:94[0m [PID 1008286] Processing ddp_tid_sw_req_table.o
2026-02-08 11:04:07 [94m[DEBUG] PaholeExtractor:103[0m [PID 1008288] ap_intc_msixRegisters.o: 19 structs
2026-02-08 11:04:07 [94m[DEBUG] PaholeExtractor:94[0m [PID 1008288] Processing ap_intc_msix.o
2026-02-08 11:04:07 [94m[DEBUG] PaholeExtractor:103[0m [PID 1008286] ddp_tid_sw_req_table.o: 25 structs
2026-02-08 11:04:07 [94m[DEBUG] PaholeExtractor:94[0m [PID 1008286] Processing eth_ddp_sbp_map_table.o
2026-02-08 11:04:07 [94m[DEBUG] PaholeExtractor:103[0m [PID 1008288] ap_intc_msix.o: 25 structs
2026-02-08 11:04:07 [94m[DEBUG] PaholeExtractor:94[0m [PID 1008288] Processing ap_intc_grp_vec_table.o
2026-02-08 11:04:07 [94m[DEBUG] PaholeExtractor:103[0m [PID 1008286] eth_ddp_sbp_map_table.o: 25 structs
2026-02-08 11:04:07 [94m[DEBUG] PaholeExtractor:103[0m [PID 1008288] ap_intc_grp_vec_table.o: 25 structs
2026-02-08 11:04:07 [94m[DEBUG] PaholeExtractor:94[0m [PID 1008288] Processing ap_intc_4grp_msix_unit.o
2026-02-08 11:04:07 [94m[DEBUG] PaholeExtractor:94[0m [PID 1008286] Processing eth_ddp_vq_addr_range_tableRegisters.o
2026-02-08 11:04:08 [94m[DEBUG] PaholeExtractor:103[0m [PID 1008288] ap_intc_4grp_msix_unit.o: 25 structs
2026-02-08 11:04:08 [94m[DEBUG] PaholeExtractor:94[0m [PID 1008288] Processing ap_intc_3grp_unitRegisters.o
2026-02-08 11:04:08 [94m[DEBUG] PaholeExtractor:103[0m [PID 1008286] eth_ddp_vq_addr_range_tableRegisters.o: 19 structs
2026-02-08 11:04:08 [94m[DEBUG] PaholeExtractor:94[0m [PID 1008286] Processing eth_ddp_counter_map_tableRegisters.o
2026-02-08 11:04:08 [94m[DEBUG] PaholeExtractor:103[0m [PID 1008288] ap_intc_3grp_unitRegisters.o: 16 structs
2026-02-08 11:04:08 [94m[DEBUG] PaholeExtractor:94[0m [PID 1008288] Processing ap_intc_grp_vec_tableRegisters.o
2026-02-08 11:04:08 [94m[DEBUG] PaholeExtractor:103[0m [PID 1008286] eth_ddp_counter_map_tableRegisters.o: 19 structs
2026-02-08 11:04:08 [94m[DEBUG] PaholeExtractor:94[0m [PID 1008286] Processing eth_ddp_statistics_cnt_table.o
2026-02-08 11:04:08 [94m[DEBUG] PaholeExtractor:103[0m [PID 1008288] ap_intc_grp_vec_tableRegisters.o: 19 structs
2026-02-08 11:04:08 [94m[DEBUG] PaholeExtractor:103[0m [PID 1008287] cso_controller_topRegisters.o: 186 structs
2026-02-08 11:04:08 [94m[DEBUG] PaholeExtractor:94[0m [PID 1008288] Processing ap_intc_pba.o
2026-02-08 11:04:08 [94m[DEBUG] PaholeExtractor:94[0m [PID 1008287] Processing cso_q_info_tableRegisters.o
2026-02-08 11:04:08 [94m[DEBUG] PaholeExtractor:103[0m [PID 1008286] eth_ddp_statistics_cnt_table.o: 25 structs
2026-02-08 11:04:08 [94m[DEBUG] PaholeExtractor:103[0m [PID 1008288] ap_intc_pba.o: 25 structs
2026-02-08 11:04:08 [94m[DEBUG] PaholeExtractor:94[0m [PID 1008286] Processing eth_ddp_desc_profile_tableRegisters.o
2026-02-08 11:04:08 [94m[DEBUG] PaholeExtractor:103[0m [PID 1008287] cso_q_info_tableRegisters.o: 19 structs
2026-02-08 11:04:08 [94m[DEBUG] PaholeExtractor:94[0m [PID 1008288] Processing ap_intc_grp_ctrl.o
2026-02-08 11:04:08 [94m[DEBUG] PaholeExtractor:94[0m [PID 1008287] Processing eob_action_remap_ptr_table.o
2026-02-08 11:04:09 [94m[DEBUG] PaholeExtractor:103[0m [PID 1008288] ap_intc_grp_ctrl.o: 25 structs
2026-02-08 11:04:09 [94m[DEBUG] PaholeExtractor:103[0m [PID 1008286] eth_ddp_desc_profile_tableRegisters.o: 19 structs
2026-02-08 11:04:09 [94m[DEBUG] PaholeExtractor:94[0m [PID 1008288] Processing ap_intc_8grp_msix_unit.o
2026-02-08 11:04:09 [94m[DEBUG] PaholeExtractor:94[0m [PID 1008286] Processing eth_ddp.o
2026-02-08 11:04:09 [94m[DEBUG] PaholeExtractor:103[0m [PID 1008287] eob_action_remap_ptr_table.o: 25 structs
2026-02-08 11:04:09 [94m[DEBUG] PaholeExtractor:94[0m [PID 1008287] Processing cso_fconf_cso_descRegisters.o
2026-02-08 11:04:09 [94m[DEBUG] PaholeExtractor:103[0m [PID 1008288] ap_intc_8grp_msix_unit.o: 25 structs
2026-02-08 11:04:09 [94m[DEBUG] PaholeExtractor:94[0m [PID 1008288] Processing ap_intc_1grp_unitRegisters.o
2026-02-08 11:04:09 [94m[DEBUG] PaholeExtractor:103[0m [PID 1008287] cso_fconf_cso_descRegisters.o: 19 structs
2026-02-08 11:04:09 [94m[DEBUG] PaholeExtractor:94[0m [PID 1008287] Processing cso_in_arblist_tableRegisters.o
2026-02-08 11:04:09 [94m[DEBUG] PaholeExtractor:103[0m [PID 1008288] ap_intc_1grp_unitRegisters.o: 16 structs
2026-02-08 11:04:09 [94m[DEBUG] PaholeExtractor:94[0m [PID 1008288] Processing al_ide_x16_unit.o
2026-02-08 11:04:09 [94m[DEBUG] PaholeExtractor:103[0m [PID 1008287] cso_in_arblist_tableRegisters.o: 19 structs
2026-02-08 11:04:09 [94m[DEBUG] PaholeExtractor:94[0m [PID 1008287] Processing cso_fconf_cso_desc.o
2026-02-08 11:04:10 [94m[DEBUG] PaholeExtractor:103[0m [PID 1008287] cso_fconf_cso_desc.o: 25 structs
2026-02-08 11:04:10 [94m[DEBUG] PaholeExtractor:94[0m [PID 1008287] Processing ap_tcam_table_ctrl.o
2026-02-08 11:04:10 [94m[DEBUG] PaholeExtractor:103[0m [PID 1008287] ap_tcam_table_ctrl.o: 25 structs
2026-02-08 11:04:10 [94m[DEBUG] PaholeExtractor:94[0m [PID 1008287] Processing ap_tcam_table_ctrlRegisters.o
2026-02-08 11:04:10 [94m[DEBUG] PaholeExtractor:103[0m [PID 1008286] eth_ddp.o: 769 structs
2026-02-08 11:04:10 [94m[DEBUG] PaholeExtractor:94[0m [PID 1008286] Processing eth_ddp_vf_pn_buff_addr_tableRegisters.o
2026-02-08 11:04:10 [94m[DEBUG] PaholeExtractor:103[0m [PID 1008287] ap_tcam_table_ctrlRegisters.o: 19 structs
2026-02-08 11:04:11 [94m[DEBUG] PaholeExtractor:94[0m [PID 1008287] Processing al_dos_monitor_factory.o
2026-02-08 11:04:11 [94m[DEBUG] PaholeExtractor:103[0m [PID 1008288] al_ide_x16_unit.o: 377 structs
2026-02-08 11:04:11 [94m[DEBUG] PaholeExtractor:94[0m [PID 1008288] Processing unit_ide_x16Registers.o
2026-02-08 11:04:11 [94m[DEBUG] PaholeExtractor:103[0m [PID 1008286] eth_ddp_vf_pn_buff_addr_tableRegisters.o: 19 structs
2026-02-08 11:04:11 [94m[DEBUG] PaholeExtractor:94[0m [PID 1008286] Processing ddp_dynamic_alloc_err_code_tableRegisters.o
2026-02-08 11:04:11 [94m[DEBUG] PaholeExtractor:103[0m [PID 1008286] ddp_dynamic_alloc_err_code_tableRegisters.o: 19 structs
2026-02-08 11:04:11 [94m[DEBUG] PaholeExtractor:94[0m [PID 1008286] Processing eth_ddp_vf_pn_buff_addr_table.o
2026-02-08 11:04:11 [94m[DEBUG] PaholeExtractor:103[0m [PID 1008288] unit_ide_x16Registers.o: 44 structs
2026-02-08 11:04:11 [94m[DEBUG] PaholeExtractor:94[0m [PID 1008288] Processing ide_x16_DWC_caps_cfgRegisters.o
2026-02-08 11:04:11 [94m[DEBUG] PaholeExtractor:103[0m [PID 1008286] eth_ddp_vf_pn_buff_addr_table.o: 25 structs
2026-02-08 11:04:11 [94m[DEBUG] PaholeExtractor:94[0m [PID 1008286] Processing eth_ddp_sbp_map_tableRegisters.o
2026-02-08 11:04:11 [94m[DEBUG] PaholeExtractor:103[0m [PID 1008288] ide_x16_DWC_caps_cfgRegisters.o: 19 structs
2026-02-08 11:04:12 [94m[DEBUG] PaholeExtractor:94[0m [PID 1008288] Processing ide_x16_DWC_crypto_cfg.o
2026-02-08 11:04:12 [94m[DEBUG] PaholeExtractor:103[0m [PID 1008287] al_dos_monitor_factory.o: 492 structs
2026-02-08 11:04:12 [94m[DEBUG] PaholeExtractor:94[0m [PID 1008287] Processing ipp_dos_monitor_map_tableRegisters.o
2026-02-08 11:04:12 [94m[DEBUG] PaholeExtractor:103[0m [PID 1008288] ide_x16_DWC_crypto_cfg.o: 25 structs
2026-02-08 11:04:12 [94m[DEBUG] PaholeExtractor:94[0m [PID 1008288] Processing ide_x16_DWC_crypto_cfgRegisters.o
2026-02-08 11:04:12 [94m[DEBUG] PaholeExtractor:103[0m [PID 1008286] eth_ddp_sbp_map_tableRegisters.o: 19 structs
2026-02-08 11:04:12 [94m[DEBUG] PaholeExtractor:94[0m [PID 1008286] Processing table_final_sel_mux.o
2026-02-08 11:04:12 [94m[DEBUG] PaholeExtractor:103[0m [PID 1008287] ipp_dos_monitor_map_tableRegisters.o: 19 structs
2026-02-08 11:04:12 [94m[DEBUG] PaholeExtractor:94[0m [PID 1008287] Processing ipp_dos_monitor_cpu.o
2026-02-08 11:04:12 [94m[DEBUG] PaholeExtractor:103[0m [PID 1008288] ide_x16_DWC_crypto_cfgRegisters.o: 19 structs
2026-02-08 11:04:12 [94m[DEBUG] PaholeExtractor:94[0m [PID 1008288] Processing ide_coreRegisters.o
2026-02-08 11:04:12 [94m[DEBUG] PaholeExtractor:103[0m [PID 1008286] table_final_sel_mux.o: 25 structs
2026-02-08 11:04:12 [94m[DEBUG] PaholeExtractor:94[0m [PID 1008286] Processing ddp_pupa_pkt_selection_tableRegisters.o
2026-02-08 11:04:12 [94m[DEBUG] PaholeExtractor:103[0m [PID 1008287] ipp_dos_monitor_cpu.o: 90 structs
2026-02-08 11:04:12 [94m[DEBUG] PaholeExtractor:94[0m [PID 1008287] Processing ipp_dos_monitor_cpuRegisters.o
2026-02-08 11:04:12 [94m[DEBUG] PaholeExtractor:103[0m [PID 1008288] ide_coreRegisters.o: 36 structs
2026-02-08 11:04:12 [94m[DEBUG] PaholeExtractor:103[0m [PID 1008286] ddp_pupa_pkt_selection_tableRegisters.o: 19 structs
2026-02-08 11:04:12 [94m[DEBUG] PaholeExtractor:94[0m [PID 1008288] Processing ide_x16_mem_ctrlRegisters.o
2026-02-08 11:04:12 [94m[DEBUG] PaholeExtractor:94[0m [PID 1008286] Processing ddp_default_tid_tableRegisters.o
2026-02-08 11:04:13 [94m[DEBUG] PaholeExtractor:103[0m [PID 1008286] ddp_default_tid_tableRegisters.o: 19 structs
2026-02-08 11:04:13 [94m[DEBUG] PaholeExtractor:94[0m [PID 1008286] Processing ddp_stream_override_tableRegisters.o
2026-02-08 11:04:13 [94m[DEBUG] PaholeExtractor:103[0m [PID 1008287] ipp_dos_monitor_cpuRegisters.o: 91 structs
2026-02-08 11:04:13 [94m[DEBUG] PaholeExtractor:94[0m [PID 1008287] Processing ipp_dos_monitor_map_table.o
2026-02-08 11:04:13 [94m[DEBUG] PaholeExtractor:103[0m [PID 1008288] ide_x16_mem_ctrlRegisters.o: 36 structs
2026-02-08 11:04:13 [94m[DEBUG] PaholeExtractor:94[0m [PID 1008288] Processing ide_x16_DWC_host_cfgRegisters.o
2026-02-08 11:04:13 [94m[DEBUG] PaholeExtractor:103[0m [PID 1008286] ddp_stream_override_tableRegisters.o: 19 structs
2026-02-08 11:04:13 [94m[DEBUG] PaholeExtractor:94[0m [PID 1008286] Processing eth_ddp_vq_addr_range_table.o
2026-02-08 11:04:13 [94m[DEBUG] PaholeExtractor:103[0m [PID 1008287] ipp_dos_monitor_map_table.o: 25 structs
2026-02-08 11:04:13 [94m[DEBUG] PaholeExtractor:94[0m [PID 1008287] Processing ipp_dos_monitor_common.o
2026-02-08 11:04:13 [94m[DEBUG] PaholeExtractor:103[0m [PID 1008286] eth_ddp_vq_addr_range_table.o: 25 structs
2026-02-08 11:04:13 [94m[DEBUG] PaholeExtractor:94[0m [PID 1008286] Processing global_enable_tableRegisters.o
2026-02-08 11:04:14 [94m[DEBUG] PaholeExtractor:103[0m [PID 1008287] ipp_dos_monitor_common.o: 73 structs
2026-02-08 11:04:14 [94m[DEBUG] PaholeExtractor:103[0m [PID 1008288] ide_x16_DWC_host_cfgRegisters.o: 19 structs
2026-02-08 11:04:14 [94m[DEBUG] PaholeExtractor:94[0m [PID 1008287] Processing ipp_dos_monitor_commonRegisters.o
2026-02-08 11:04:14 [94m[DEBUG] PaholeExtractor:94[0m [PID 1008288] Processing ide_x16_DWC_host_cfg.o
2026-02-08 11:04:14 [94m[DEBUG] PaholeExtractor:103[0m [PID 1008286] global_enable_tableRegisters.o: 19 structs
2026-02-08 11:04:14 [94m[DEBUG] PaholeExtractor:94[0m [PID 1008286] Processing eth_ddp_desc_err_code_table.o
2026-02-08 11:04:14 [94m[DEBUG] PaholeExtractor:103[0m [PID 1008288] ide_x16_DWC_host_cfg.o: 25 structs
2026-02-08 11:04:14 [94m[DEBUG] PaholeExtractor:94[0m [PID 1008288] Processing ide_core.o
2026-02-08 11:04:14 [94m[DEBUG] PaholeExtractor:103[0m [PID 1008287] ipp_dos_monitor_commonRegisters.o: 74 structs
2026-02-08 11:04:14 [94m[DEBUG] PaholeExtractor:94[0m [PID 1008287] Processing al_dos_monitor_unit.o
2026-02-08 11:04:14 [94m[DEBUG] PaholeExtractor:103[0m [PID 1008286] eth_ddp_desc_err_code_table.o: 25 structs
2026-02-08 11:04:14 [94m[DEBUG] PaholeExtractor:94[0m [PID 1008286] Processing eth_ddp_buffer_availability_lookup_tableRegisters.o
2026-02-08 11:04:14 [94m[DEBUG] PaholeExtractor:103[0m [PID 1008288] ide_core.o: 35 structs
2026-02-08 11:04:14 [94m[DEBUG] PaholeExtractor:94[0m [PID 1008288] Processing ide_x16_DWC_caps_cfg.o
2026-02-08 11:04:14 [94m[DEBUG] PaholeExtractor:103[0m [PID 1008286] eth_ddp_buffer_availability_lookup_tableRegisters.o: 19 structs
2026-02-08 11:04:14 [94m[DEBUG] PaholeExtractor:103[0m [PID 1008288] ide_x16_DWC_caps_cfg.o: 25 structs
2026-02-08 11:04:14 [94m[DEBUG] PaholeExtractor:94[0m [PID 1008286] Processing al_ddp_unit_v6.o
2026-02-08 11:04:15 [94m[DEBUG] PaholeExtractor:94[0m [PID 1008288] Processing ide_x16_mem_ctrl.o
2026-02-08 11:04:15 [94m[DEBUG] PaholeExtractor:103[0m [PID 1008288] ide_x16_mem_ctrl.o: 35 structs
2026-02-08 11:04:15 [94m[DEBUG] PaholeExtractor:94[0m [PID 1008288] Processing unit_ide_x16.o
2026-02-08 11:04:15 [94m[DEBUG] PaholeExtractor:103[0m [PID 1008287] al_dos_monitor_unit.o: 510 structs
2026-02-08 11:04:15 [94m[DEBUG] PaholeExtractor:94[0m [PID 1008287] Processing udma_logger_fifoRegisters.o
2026-02-08 11:04:15 [94m[DEBUG] PaholeExtractor:103[0m [PID 1008288] unit_ide_x16.o: 43 structs
2026-02-08 11:04:15 [94m[DEBUG] PaholeExtractor:94[0m [PID 1008288] Processing al_cctm_pmdtu_router_base.o
2026-02-08 11:04:16 [94m[DEBUG] PaholeExtractor:103[0m [PID 1008287] udma_logger_fifoRegisters.o: 19 structs
2026-02-08 11:04:16 [94m[DEBUG] PaholeExtractor:94[0m [PID 1008287] Processing udma_logger_fifo.o
2026-02-08 11:04:16 [94m[DEBUG] PaholeExtractor:103[0m [PID 1008287] udma_logger_fifo.o: 25 structs
2026-02-08 11:04:16 [94m[DEBUG] PaholeExtractor:94[0m [PID 1008287] Processing al_tg_seq_table_hw_entry.o
2026-02-08 11:04:16 [94m[DEBUG] PaholeExtractor:103[0m [PID 1008288] al_cctm_pmdtu_router_base.o: 238 structs
2026-02-08 11:04:16 [94m[DEBUG] PaholeExtractor:94[0m [PID 1008288] Processing al_pmu_unit_base.o
2026-02-08 11:04:16 [94m[DEBUG] PaholeExtractor:103[0m [PID 1008287] al_tg_seq_table_hw_entry.o: 254 structs
2026-02-08 11:04:16 [94m[DEBUG] PaholeExtractor:103[0m [PID 1008286] al_ddp_unit_v6.o: 896 structs
2026-02-08 11:04:16 [94m[DEBUG] PaholeExtractor:94[0m [PID 1008287] Processing al_tg_seq_table_pattern_entry.o
2026-02-08 11:04:16 [94m[DEBUG] PaholeExtractor:94[0m [PID 1008286] Processing al_sbp_axi_address_and_vmid_q_settings.o
2026-02-08 11:04:17 [94m[DEBUG] PaholeExtractor:103[0m [PID 1008288] al_pmu_unit_base.o: 357 structs
2026-02-08 11:04:17 [94m[DEBUG] PaholeExtractor:103[0m [PID 1008286] al_sbp_axi_address_and_vmid_q_settings.o: 19 structs
2026-02-08 11:04:17 [94m[DEBUG] PaholeExtractor:94[0m [PID 1008288] Processing CXELA500Registers.o
2026-02-08 11:04:17 [94m[DEBUG] PaholeExtractor:94[0m [PID 1008286] Processing al_sbp_unit.o
2026-02-08 11:04:17 [94m[DEBUG] PaholeExtractor:103[0m [PID 1008288] CXELA500Registers.o: 19 structs
2026-02-08 11:04:17 [94m[DEBUG] PaholeExtractor:94[0m [PID 1008288] Processing pmu_macro_mem_ctrl.o
2026-02-08 11:04:17 [94m[DEBUG] PaholeExtractor:103[0m [PID 1008287] al_tg_seq_table_pattern_entry.o: 359 structs
2026-02-08 11:04:17 [94m[DEBUG] PaholeExtractor:94[0m [PID 1008287] Processing al_stream_tg_idx_extension.o
2026-02-08 11:04:17 [94m[DEBUG] PaholeExtractor:103[0m [PID 1008287] al_stream_tg_idx_extension.o: 6 structs
2026-02-08 11:04:18 [94m[DEBUG] PaholeExtractor:103[0m [PID 1008288] pmu_macro_mem_ctrl.o: 35 structs
2026-02-08 11:04:18 [94m[DEBUG] PaholeExtractor:94[0m [PID 1008287] Processing al_traffic_gen.o
2026-02-08 11:04:18 [94m[DEBUG] PaholeExtractor:94[0m [PID 1008288] Processing PMDT_CHI_MONRegisters.o
2026-02-08 11:04:18 [94m[DEBUG] PaholeExtractor:103[0m [PID 1008288] PMDT_CHI_MONRegisters.o: 19 structs
2026-02-08 11:04:18 [94m[DEBUG] PaholeExtractor:94[0m [PID 1008288] Processing CXELA500.o
2026-02-08 11:04:18 [94m[DEBUG] PaholeExtractor:103[0m [PID 1008286] al_sbp_unit.o: 383 structs
2026-02-08 11:04:18 [94m[DEBUG] PaholeExtractor:94[0m [PID 1008286] Processing al_sbp_s2m_desc.o
2026-02-08 11:04:18 [94m[DEBUG] PaholeExtractor:103[0m [PID 1008288] CXELA500.o: 25 structs
2026-02-08 11:04:18 [94m[DEBUG] PaholeExtractor:103[0m [PID 1008286] al_sbp_s2m_desc.o: 12 structs
2026-02-08 11:04:18 [94m[DEBUG] PaholeExtractor:94[0m [PID 1008288] Processing PMDT_ELA_CONFIGRegisters.o
2026-02-08 11:04:18 [94m[DEBUG] PaholeExtractor:103[0m [PID 1008287] al_traffic_gen.o: 373 structs
2026-02-08 11:04:18 [94m[DEBUG] PaholeExtractor:94[0m [PID 1008286] Processing al_sbp_s2m_desc_fetch.o
2026-02-08 11:04:18 [94m[DEBUG] PaholeExtractor:94[0m [PID 1008287] Processing al_stream_tg_base.o
2026-02-08 11:04:19 [94m[DEBUG] PaholeExtractor:103[0m [PID 1008286] al_sbp_s2m_desc_fetch.o: 30 structs
2026-02-08 11:04:19 [94m[DEBUG] PaholeExtractor:103[0m [PID 1008288] PMDT_ELA_CONFIGRegisters.o: 19 structs
2026-02-08 11:04:19 [94m[DEBUG] PaholeExtractor:94[0m [PID 1008286] Processing al_sbp_s2m_queue.o
2026-02-08 11:04:19 [94m[DEBUG] PaholeExtractor:94[0m [PID 1008288] Processing cse600.o
2026-02-08 11:04:19 [94m[DEBUG] PaholeExtractor:103[0m [PID 1008288] cse600.o: 25 structs
2026-02-08 11:04:19 [94m[DEBUG] PaholeExtractor:94[0m [PID 1008288] Processing PMDT_ELA_CONFIG.o
2026-02-08 11:04:19 [94m[DEBUG] PaholeExtractor:103[0m [PID 1008286] al_sbp_s2m_queue.o: 36 structs
2026-02-08 11:04:19 [94m[DEBUG] PaholeExtractor:94[0m [PID 1008286] Processing eth_sbpRegisters.o
2026-02-08 11:04:19 [94m[DEBUG] PaholeExtractor:103[0m [PID 1008288] PMDT_ELA_CONFIG.o: 25 structs
2026-02-08 11:04:19 [94m[DEBUG] PaholeExtractor:103[0m [PID 1008287] al_stream_tg_base.o: 368 structs
2026-02-08 11:04:19 [94m[DEBUG] PaholeExtractor:94[0m [PID 1008288] Processing cse600Registers.o
2026-02-08 11:04:20 [94m[DEBUG] PaholeExtractor:94[0m [PID 1008287] Processing al_tg_lfsr.o
2026-02-08 11:04:20 [94m[DEBUG] PaholeExtractor:103[0m [PID 1008286] eth_sbpRegisters.o: 19 structs
2026-02-08 11:04:20 [94m[DEBUG] PaholeExtractor:103[0m [PID 1008288] cse600Registers.o: 19 structs
2026-02-08 11:04:20 [94m[DEBUG] PaholeExtractor:94[0m [PID 1008286] Processing eth_sbp_pref.o
2026-02-08 11:04:20 [94m[DEBUG] PaholeExtractor:94[0m [PID 1008288] Processing PMDT_AXI_MONRegisters.o
2026-02-08 11:04:20 [94m[DEBUG] PaholeExtractor:103[0m [PID 1008287] al_tg_lfsr.o: 240 structs
2026-02-08 11:04:20 [94m[DEBUG] PaholeExtractor:103[0m [PID 1008286] eth_sbp_pref.o: 25 structs
2026-02-08 11:04:20 [94m[DEBUG] PaholeExtractor:94[0m [PID 1008287] Processing al_tg_hw_table_entry.o
2026-02-08 11:04:20 [94m[DEBUG] PaholeExtractor:94[0m [PID 1008286] Processing eth_sbp.o
2026-02-08 11:04:20 [94m[DEBUG] PaholeExtractor:103[0m [PID 1008288] PMDT_AXI_MONRegisters.o: 19 structs
2026-02-08 11:04:20 [94m[DEBUG] PaholeExtractor:94[0m [PID 1008288] Processing pmu_macro_mem_ctrlRegisters.o
2026-02-08 11:04:21 [94m[DEBUG] PaholeExtractor:103[0m [PID 1008286] eth_sbp.o: 25 structs
2026-02-08 11:04:21 [94m[DEBUG] PaholeExtractor:94[0m [PID 1008286] Processing eth_sbp_prefRegisters.o
2026-02-08 11:04:21 [94m[DEBUG] PaholeExtractor:103[0m [PID 1008288] pmu_macro_mem_ctrlRegisters.o: 36 structs
2026-02-08 11:04:21 [94m[DEBUG] PaholeExtractor:103[0m [PID 1008287] al_tg_hw_table_entry.o: 249 structs
2026-02-08 11:04:21 [94m[DEBUG] PaholeExtractor:94[0m [PID 1008288] Processing PMDT_COMPLEX.o
2026-02-08 11:04:21 [94m[DEBUG] PaholeExtractor:94[0m [PID 1008287] Processing al_axi_tg.o
2026-02-08 11:04:21 [94m[DEBUG] PaholeExtractor:103[0m [PID 1008286] eth_sbp_prefRegisters.o: 19 structs
2026-02-08 11:04:21 [94m[DEBUG] PaholeExtractor:94[0m [PID 1008286] Processing al_ppe_unit_v8.o
2026-02-08 11:04:21 [94m[DEBUG] PaholeExtractor:103[0m [PID 1008288] PMDT_COMPLEX.o: 43 structs
2026-02-08 11:04:21 [94m[DEBUG] PaholeExtractor:94[0m [PID 1008288] Processing PMDT_AXI_MON.o
2026-02-08 11:04:22 [94m[DEBUG] PaholeExtractor:103[0m [PID 1008287] al_axi_tg.o: 377 structs
2026-02-08 11:04:22 [94m[DEBUG] PaholeExtractor:103[0m [PID 1008288] PMDT_AXI_MON.o: 25 structs
2026-02-08 11:04:22 [94m[DEBUG] PaholeExtractor:94[0m [PID 1008287] Processing al_tg_axi_reg_wrapper.o
2026-02-08 11:04:22 [94m[DEBUG] PaholeExtractor:94[0m [PID 1008288] Processing PMDT_PMU.o
2026-02-08 11:04:22 [94m[DEBUG] PaholeExtractor:103[0m [PID 1008288] PMDT_PMU.o: 43 structs
2026-02-08 11:04:22 [94m[DEBUG] PaholeExtractor:94[0m [PID 1008288] Processing PMDT_PMURegisters.o
2026-02-08 11:04:22 [94m[DEBUG] PaholeExtractor:103[0m [PID 1008286] al_ppe_unit_v8.o: 612 structs
2026-02-08 11:04:23 [94m[DEBUG] PaholeExtractor:94[0m [PID 1008286] Processing prep_translation_tableRegisters.o
2026-02-08 11:04:23 [94m[DEBUG] PaholeExtractor:103[0m [PID 1008287] al_tg_axi_reg_wrapper.o: 292 structs
2026-02-08 11:04:23 [94m[DEBUG] PaholeExtractor:94[0m [PID 1008287] Processing trfc_genRegisters.o
2026-02-08 11:04:23 [94m[DEBUG] PaholeExtractor:103[0m [PID 1008286] prep_translation_tableRegisters.o: 19 structs
2026-02-08 11:04:23 [94m[DEBUG] PaholeExtractor:94[0m [PID 1008286] Processing prep_profile_map_tableRegisters.o
2026-02-08 11:04:23 [94m[DEBUG] PaholeExtractor:103[0m [PID 1008288] PMDT_PMURegisters.o: 44 structs
2026-02-08 11:04:23 [94m[DEBUG] PaholeExtractor:94[0m [PID 1008288] Processing CHI_PMDT_COMPLEXRegisters.o
2026-02-08 11:04:23 [94m[DEBUG] PaholeExtractor:103[0m [PID 1008286] prep_profile_map_tableRegisters.o: 19 structs
2026-02-08 11:04:23 [94m[DEBUG] PaholeExtractor:94[0m [PID 1008286] Processing prep_translation_table.o
2026-02-08 11:04:23 [94m[DEBUG] PaholeExtractor:103[0m [PID 1008287] trfc_genRegisters.o: 79 structs
2026-02-08 11:04:23 [94m[DEBUG] PaholeExtractor:103[0m [PID 1008288] CHI_PMDT_COMPLEXRegisters.o: 34 structs
2026-02-08 11:04:23 [94m[DEBUG] PaholeExtractor:94[0m [PID 1008287] Processing trfc_gen_seq_table.o
2026-02-08 11:04:23 [94m[DEBUG] PaholeExtractor:94[0m [PID 1008288] Processing PMDT_COMPLEXRegisters.o
2026-02-08 11:04:24 [94m[DEBUG] PaholeExtractor:103[0m [PID 1008286] prep_translation_table.o: 25 structs
2026-02-08 11:04:24 [94m[DEBUG] PaholeExtractor:94[0m [PID 1008286] Processing prep_8_bits_values_table.o
2026-02-08 11:04:24 [94m[DEBUG] PaholeExtractor:103[0m [PID 1008287] trfc_gen_seq_table.o: 25 structs
2026-02-08 11:04:24 [94m[DEBUG] PaholeExtractor:103[0m [PID 1008288] PMDT_COMPLEXRegisters.o: 34 structs
2026-02-08 11:04:24 [94m[DEBUG] PaholeExtractor:94[0m [PID 1008287] Processing trfc_gen_legacy.o
2026-02-08 11:04:24 [94m[DEBUG] PaholeExtractor:94[0m [PID 1008288] Processing CHI_PMDT_COMPLEX.o
2026-02-08 11:04:24 [94m[DEBUG] PaholeExtractor:103[0m [PID 1008286] prep_8_bits_values_table.o: 25 structs
2026-02-08 11:04:24 [94m[DEBUG] PaholeExtractor:94[0m [PID 1008286] Processing prep_profile_map_table.o
2026-02-08 11:04:24 [94m[DEBUG] PaholeExtractor:103[0m [PID 1008287] trfc_gen_legacy.o: 52 structs
2026-02-08 11:04:24 [94m[DEBUG] PaholeExtractor:103[0m [PID 1008286] prep_profile_map_table.o: 25 structs
2026-02-08 11:04:24 [94m[DEBUG] PaholeExtractor:103[0m [PID 1008288] CHI_PMDT_COMPLEX.o: 43 structs
2026-02-08 11:04:24 [94m[DEBUG] PaholeExtractor:94[0m [PID 1008287] Processing trfc_gen_seq_tableRegisters.o
2026-02-08 11:04:24 [94m[DEBUG] PaholeExtractor:94[0m [PID 1008286] Processing prep_vf_tableRegisters.o
2026-02-08 11:04:24 [94m[DEBUG] PaholeExtractor:94[0m [PID 1008288] Processing PMDT_CHI_MON.o
2026-02-08 11:04:25 [94m[DEBUG] PaholeExtractor:103[0m [PID 1008286] prep_vf_tableRegisters.o: 19 structs
2026-02-08 11:04:25 [94m[DEBUG] PaholeExtractor:103[0m [PID 1008288] PMDT_CHI_MON.o: 25 structs
2026-02-08 11:04:25 [94m[DEBUG] PaholeExtractor:103[0m [PID 1008287] trfc_gen_seq_tableRegisters.o: 19 structs
2026-02-08 11:04:25 [94m[DEBUG] PaholeExtractor:94[0m [PID 1008286] Processing prepRegisters.o
2026-02-08 11:04:25 [94m[DEBUG] PaholeExtractor:94[0m [PID 1008287] Processing trfc_gen_legacyRegisters.o
2026-02-08 11:04:25 [94m[DEBUG] PaholeExtractor:94[0m [PID 1008288] Processing al_storm_ide_x16_wrapper.o
2026-02-08 11:04:25 [94m[DEBUG] PaholeExtractor:103[0m [PID 1008286] prepRegisters.o: 108 structs
2026-02-08 11:04:25 [94m[DEBUG] PaholeExtractor:94[0m [PID 1008286] Processing prep_profile_table.o
2026-02-08 11:04:26 [94m[DEBUG] PaholeExtractor:103[0m [PID 1008288] al_storm_ide_x16_wrapper.o: 279 structs
2026-02-08 11:04:26 [94m[DEBUG] PaholeExtractor:103[0m [PID 1008287] trfc_gen_legacyRegisters.o: 79 structs
2026-02-08 11:04:26 [94m[DEBUG] PaholeExtractor:94[0m [PID 1008288] Processing al_ide_x16_unit.dladapter.o
2026-02-08 11:04:26 [94m[DEBUG] PaholeExtractor:94[0m [PID 1008287] Processing conf_eng_seq_tableRegisters.o
2026-02-08 11:04:26 [94m[DEBUG] PaholeExtractor:103[0m [PID 1008286] prep_profile_table.o: 25 structs
2026-02-08 11:04:26 [94m[DEBUG] PaholeExtractor:94[0m [PID 1008286] Processing prep_values_tableRegisters.o
2026-02-08 11:04:26 [94m[DEBUG] PaholeExtractor:103[0m [PID 1008287] conf_eng_seq_tableRegisters.o: 19 structs
2026-02-08 11:04:26 [94m[DEBUG] PaholeExtractor:94[0m [PID 1008287] Processing trfc_gen_user_data_table.o
2026-02-08 11:04:26 [94m[DEBUG] PaholeExtractor:103[0m [PID 1008286] prep_values_tableRegisters.o: 19 structs
2026-02-08 11:04:26 [94m[DEBUG] PaholeExtractor:94[0m [PID 1008286] Processing prep_8_bits_values_tableRegisters.o
2026-02-08 11:04:26 [94m[DEBUG] PaholeExtractor:103[0m [PID 1008287] trfc_gen_user_data_table.o: 25 structs
2026-02-08 11:04:26 [94m[DEBUG] PaholeExtractor:94[0m [PID 1008287] Processing trfc_gen_user_data_tableRegisters.o
2026-02-08 11:04:26 [94m[DEBUG] PaholeExtractor:103[0m [PID 1008286] prep_8_bits_values_tableRegisters.o: 19 structs
2026-02-08 11:04:26 [94m[DEBUG] PaholeExtractor:94[0m [PID 1008286] Processing prep_profile_tableRegisters.o
2026-02-08 11:04:27 [94m[DEBUG] PaholeExtractor:103[0m [PID 1008287] trfc_gen_user_data_tableRegisters.o: 19 structs
2026-02-08 11:04:27 [94m[DEBUG] PaholeExtractor:94[0m [PID 1008287] Processing conf_eng_seq_table.o
2026-02-08 11:04:27 [94m[DEBUG] PaholeExtractor:103[0m [PID 1008286] prep_profile_tableRegisters.o: 19 structs
2026-02-08 11:04:27 [94m[DEBUG] PaholeExtractor:94[0m [PID 1008286] Processing prep_functional.o
2026-02-08 11:04:27 [94m[DEBUG] PaholeExtractor:103[0m [PID 1008287] conf_eng_seq_table.o: 25 structs
2026-02-08 11:04:27 [94m[DEBUG] PaholeExtractor:94[0m [PID 1008287] Processing trfc_gen.o
2026-02-08 11:04:27 [94m[DEBUG] PaholeExtractor:103[0m [PID 1008286] prep_functional.o: 42 structs
2026-02-08 11:04:27 [94m[DEBUG] PaholeExtractor:94[0m [PID 1008286] Processing prep_values_table.o
2026-02-08 11:04:27 [94m[DEBUG] PaholeExtractor:103[0m [PID 1008287] trfc_gen.o: 52 structs
2026-02-08 11:04:27 [94m[DEBUG] PaholeExtractor:94[0m [PID 1008287] Processing axi_wr_terminator_buser_tableRegisters.o
2026-02-08 11:04:27 [94m[DEBUG] PaholeExtractor:103[0m [PID 1008286] prep_values_table.o: 25 structs
2026-02-08 11:04:28 [94m[DEBUG] PaholeExtractor:94[0m [PID 1008286] Processing prep_vf_table.o
2026-02-08 11:04:28 [94m[DEBUG] PaholeExtractor:103[0m [PID 1008287] axi_wr_terminator_buser_tableRegisters.o: 19 structs
2026-02-08 11:04:28 [94m[DEBUG] PaholeExtractor:94[0m [PID 1008287] Processing axi_wr_terminator.o
2026-02-08 11:04:28 [94m[DEBUG] PaholeExtractor:103[0m [PID 1008286] prep_vf_table.o: 25 structs
2026-02-08 11:04:28 [94m[DEBUG] PaholeExtractor:94[0m [PID 1008286] Processing prep_pn_table.o
2026-02-08 11:04:28 [94m[DEBUG] PaholeExtractor:103[0m [PID 1008288] al_ide_x16_unit.dladapter.o: 510 structs
2026-02-08 11:04:28 [94m[DEBUG] PaholeExtractor:94[0m [PID 1008288] Processing al_storm_pcie_snps_wrapper.dladapter.o
2026-02-08 11:04:28 [94m[DEBUG] PaholeExtractor:103[0m [PID 1008287] axi_wr_terminator.o: 78 structs
2026-02-08 11:04:28 [94m[DEBUG] PaholeExtractor:103[0m [PID 1008286] prep_pn_table.o: 25 structs
2026-02-08 11:04:28 [94m[DEBUG] PaholeExtractor:94[0m [PID 1008287] Processing axi_rd_terminator_rdata_tableRegisters.o
2026-02-08 11:04:28 [94m[DEBUG] PaholeExtractor:94[0m [PID 1008286] Processing prep.o
2026-02-08 11:04:28 [94m[DEBUG] PaholeExtractor:103[0m [PID 1008287] axi_rd_terminator_rdata_tableRegisters.o: 19 structs
2026-02-08 11:04:28 [94m[DEBUG] PaholeExtractor:94[0m [PID 1008287] Processing axi_terminator_debug_table.o
2026-02-08 11:04:29 [94m[DEBUG] PaholeExtractor:103[0m [PID 1008286] prep.o: 107 structs
2026-02-08 11:04:29 [94m[DEBUG] PaholeExtractor:94[0m [PID 1008286] Processing prep_functionalRegisters.o
2026-02-08 11:04:29 [94m[DEBUG] PaholeExtractor:103[0m [PID 1008287] axi_terminator_debug_table.o: 25 structs
2026-02-08 11:04:29 [94m[DEBUG] PaholeExtractor:94[0m [PID 1008287] Processing axi_wr_terminator_bresp_tableRegisters.o
2026-02-08 11:04:29 [94m[DEBUG] PaholeExtractor:103[0m [PID 1008287] axi_wr_terminator_bresp_tableRegisters.o: 19 structs
2026-02-08 11:04:29 [94m[DEBUG] PaholeExtractor:103[0m [PID 1008286] prep_functionalRegisters.o: 43 structs
2026-02-08 11:04:29 [94m[DEBUG] PaholeExtractor:94[0m [PID 1008287] Processing axi_rd_terminator_rresp_tableRegisters.o
2026-02-08 11:04:29 [94m[DEBUG] PaholeExtractor:94[0m [PID 1008286] Processing prep_pn_tableRegisters.o
2026-02-08 11:04:29 [94m[DEBUG] PaholeExtractor:103[0m [PID 1008287] axi_rd_terminator_rresp_tableRegisters.o: 19 structs
2026-02-08 11:04:30 [94m[DEBUG] PaholeExtractor:94[0m [PID 1008287] Processing axi_terminator.o
2026-02-08 11:04:30 [94m[DEBUG] PaholeExtractor:103[0m [PID 1008286] prep_pn_tableRegisters.o: 19 structs
2026-02-08 11:04:30 [94m[DEBUG] PaholeExtractor:94[0m [PID 1008286] Processing al_ppe_unit.o
2026-02-08 11:04:30 [94m[DEBUG] PaholeExtractor:103[0m [PID 1008288] al_storm_pcie_snps_wrapper.dladapter.o: 473 structs
2026-02-08 11:04:30 [94m[DEBUG] PaholeExtractor:94[0m [PID 1008288] Processing AP_MEM_CTRL_v2.o
2026-02-08 11:04:30 [94m[DEBUG] PaholeExtractor:103[0m [PID 1008287] axi_terminator.o: 98 structs
2026-02-08 11:04:30 [94m[DEBUG] PaholeExtractor:94[0m [PID 1008287] Processing axi_terminatorRegisters.o
2026-02-08 11:04:30 [94m[DEBUG] PaholeExtractor:103[0m [PID 1008287] axi_terminatorRegisters.o: 59 structs
2026-02-08 11:04:30 [94m[DEBUG] PaholeExtractor:103[0m [PID 1008286] al_ppe_unit.o: 509 structs
2026-02-08 11:04:30 [94m[DEBUG] PaholeExtractor:94[0m [PID 1008287] Processing axi_wr_terminatorRegisters.o
2026-02-08 11:04:30 [94m[DEBUG] PaholeExtractor:103[0m [PID 1008288] AP_MEM_CTRL_v2.o: 25 structs
2026-02-08 11:04:30 [94m[DEBUG] PaholeExtractor:94[0m [PID 1008286] Processing al_ppe_unit_base.o
2026-02-08 11:04:30 [94m[DEBUG] PaholeExtractor:94[0m [PID 1008288] Processing AP_MEM_CTRL_v2Registers.o
2026-02-08 11:04:31 [94m[DEBUG] PaholeExtractor:103[0m [PID 1008288] AP_MEM_CTRL_v2Registers.o: 19 structs
2026-02-08 11:04:31 [94m[DEBUG] PaholeExtractor:94[0m [PID 1008288] Processing AP_TABLE_CTRLRegisters.o
2026-02-08 11:04:31 [94m[DEBUG] PaholeExtractor:103[0m [PID 1008287] axi_wr_terminatorRegisters.o: 79 structs
2026-02-08 11:04:31 [94m[DEBUG] PaholeExtractor:94[0m [PID 1008287] Processing axi_rd_terminator_rdata_table.o
2026-02-08 11:04:31 [94m[DEBUG] PaholeExtractor:103[0m [PID 1008288] AP_TABLE_CTRLRegisters.o: 19 structs
2026-02-08 11:04:31 [94m[DEBUG] PaholeExtractor:94[0m [PID 1008288] Processing AP_TABLE_CTRL.o
2026-02-08 11:04:31 [94m[DEBUG] PaholeExtractor:103[0m [PID 1008287] axi_rd_terminator_rdata_table.o: 25 structs
2026-02-08 11:04:32 [94m[DEBUG] PaholeExtractor:94[0m [PID 1008287] Processing axi_wr_terminator_buser_table.o
2026-02-08 11:04:32 [94m[DEBUG] PaholeExtractor:103[0m [PID 1008288] AP_TABLE_CTRL.o: 25 structs
2026-02-08 11:04:32 [94m[DEBUG] PaholeExtractor:94[0m [PID 1008288] Processing PMDT_ELA_CONFIG.o
2026-02-08 11:04:32 [94m[DEBUG] PaholeExtractor:103[0m [PID 1008287] axi_wr_terminator_buser_table.o: 25 structs
2026-02-08 11:04:32 [94m[DEBUG] PaholeExtractor:94[0m [PID 1008287] Processing axi_wr_terminator_bresp_table.o
2026-02-08 11:04:32 [94m[DEBUG] PaholeExtractor:103[0m [PID 1008286] al_ppe_unit_base.o: 578 structs
2026-02-08 11:04:32 [94m[DEBUG] PaholeExtractor:94[0m [PID 1008286] Processing al_mps_log2pcap.o
2026-02-08 11:04:32 [94m[DEBUG] PaholeExtractor:103[0m [PID 1008287] axi_wr_terminator_bresp_table.o: 25 structs
2026-02-08 11:04:32 [94m[DEBUG] PaholeExtractor:103[0m [PID 1008288] PMDT_ELA_CONFIG.o: 25 structs
2026-02-08 11:04:32 [94m[DEBUG] PaholeExtractor:94[0m [PID 1008287] Processing axi_rd_terminator_rresp_table.o
2026-02-08 11:04:32 [94m[DEBUG] PaholeExtractor:103[0m [PID 1008286] al_mps_log2pcap.o: 5 structs
2026-02-08 11:04:32 [94m[DEBUG] PaholeExtractor:94[0m [PID 1008288] Processing cse600Registers.o
2026-02-08 11:04:32 [94m[DEBUG] PaholeExtractor:94[0m [PID 1008286] Processing eth_context_ctrl.o
2026-02-08 11:04:32 [94m[DEBUG] PaholeExtractor:103[0m [PID 1008287] axi_rd_terminator_rresp_table.o: 25 structs
2026-02-08 11:04:32 [94m[DEBUG] PaholeExtractor:103[0m [PID 1008288] cse600Registers.o: 19 structs
2026-02-08 11:04:32 [94m[DEBUG] PaholeExtractor:94[0m [PID 1008287] Processing axi_terminator_debug_tableRegisters.o
2026-02-08 11:04:33 [94m[DEBUG] PaholeExtractor:94[0m [PID 1008288] Processing cse600.o
2026-02-08 11:04:33 [94m[DEBUG] PaholeExtractor:103[0m [PID 1008286] eth_context_ctrl.o: 42 structs
2026-02-08 11:04:33 [94m[DEBUG] PaholeExtractor:94[0m [PID 1008286] Processing eth_context_ctrlRegisters.o
2026-02-08 11:04:33 [94m[DEBUG] PaholeExtractor:103[0m [PID 1008287] axi_terminator_debug_tableRegisters.o: 19 structs
2026-02-08 11:04:33 [94m[DEBUG] PaholeExtractor:103[0m [PID 1008288] cse600.o: 25 structs
2026-02-08 11:04:33 [94m[DEBUG] PaholeExtractor:94[0m [PID 1008287] Processing axi_rd_terminator.o
2026-02-08 11:04:33 [94m[DEBUG] PaholeExtractor:94[0m [PID 1008288] Processing PMDT_CHI_MONRegisters.o
2026-02-08 11:04:33 [94m[DEBUG] PaholeExtractor:103[0m [PID 1008286] eth_context_ctrlRegisters.o: 43 structs
2026-02-08 11:04:33 [94m[DEBUG] PaholeExtractor:94[0m [PID 1008286] Processing eth_context_cam_dbg_tableRegisters.o
2026-02-08 11:04:33 [94m[DEBUG] PaholeExtractor:103[0m [PID 1008288] PMDT_CHI_MONRegisters.o: 19 structs
2026-02-08 11:04:33 [94m[DEBUG] PaholeExtractor:103[0m [PID 1008287] axi_rd_terminator.o: 78 structs
2026-02-08 11:04:33 [94m[DEBUG] PaholeExtractor:94[0m [PID 1008288] Processing PMDT_ELA_CONFIGRegisters.o
2026-02-08 11:04:33 [94m[DEBUG] PaholeExtractor:94[0m [PID 1008287] Processing axi_rd_terminatorRegisters.o
2026-02-08 11:04:33 [94m[DEBUG] PaholeExtractor:103[0m [PID 1008286] eth_context_cam_dbg_tableRegisters.o: 19 structs
2026-02-08 11:04:33 [94m[DEBUG] PaholeExtractor:94[0m [PID 1008286] Processing eth_context_cam_dbg_table.o
2026-02-08 11:04:33 [94m[DEBUG] PaholeExtractor:103[0m [PID 1008288] PMDT_ELA_CONFIGRegisters.o: 19 structs
2026-02-08 11:04:33 [94m[DEBUG] PaholeExtractor:94[0m [PID 1008288] Processing PMDT_AXI_MON.o
2026-02-08 11:04:34 [94m[DEBUG] PaholeExtractor:103[0m [PID 1008288] PMDT_AXI_MON.o: 25 structs
2026-02-08 11:04:34 [94m[DEBUG] PaholeExtractor:103[0m [PID 1008286] eth_context_cam_dbg_table.o: 25 structs
2026-02-08 11:04:34 [94m[DEBUG] PaholeExtractor:94[0m [PID 1008288] Processing PMDT_COMPLEX.o
2026-02-08 11:04:34 [94m[DEBUG] PaholeExtractor:94[0m [PID 1008286] Processing al_eth_lib.o
2026-02-08 11:04:34 [94m[DEBUG] PaholeExtractor:103[0m [PID 1008286] al_eth_lib.o: 13 structs
2026-02-08 11:04:34 [94m[DEBUG] PaholeExtractor:103[0m [PID 1008288] PMDT_COMPLEX.o: 43 structs
2026-02-08 11:04:34 [94m[DEBUG] PaholeExtractor:94[0m [PID 1008286] Processing epan_ipproto.o
2026-02-08 11:04:34 [94m[DEBUG] PaholeExtractor:103[0m [PID 1008287] axi_rd_terminatorRegisters.o: 79 structs
2026-02-08 11:04:34 [94m[DEBUG] PaholeExtractor:94[0m [PID 1008288] Processing CHI_PMDT_COMPLEX.o
2026-02-08 11:04:34 [94m[DEBUG] PaholeExtractor:94[0m [PID 1008287] Processing qrt_cpuRegisters.o
2026-02-08 11:04:34 [94m[DEBUG] PaholeExtractor:103[0m [PID 1008286] epan_ipproto.o: 6 structs
2026-02-08 11:04:34 [94m[DEBUG] PaholeExtractor:94[0m [PID 1008286] Processing al_ddp_top_unit.o
2026-02-08 11:04:34 [94m[DEBUG] PaholeExtractor:103[0m [PID 1008288] CHI_PMDT_COMPLEX.o: 43 structs
2026-02-08 11:04:34 [94m[DEBUG] PaholeExtractor:94[0m [PID 1008288] Processing pmu_macro_mem_ctrlRegisters.o
2026-02-08 11:04:35 [94m[DEBUG] PaholeExtractor:103[0m [PID 1008287] qrt_cpuRegisters.o: 56 structs
2026-02-08 11:04:35 [94m[DEBUG] PaholeExtractor:94[0m [PID 1008287] Processing qrt_vq_table.o
2026-02-08 11:04:35 [94m[DEBUG] PaholeExtractor:103[0m [PID 1008288] pmu_macro_mem_ctrlRegisters.o: 36 structs
2026-02-08 11:04:35 [94m[DEBUG] PaholeExtractor:94[0m [PID 1008288] Processing CXELA500.o
2026-02-08 11:04:35 [94m[DEBUG] PaholeExtractor:103[0m [PID 1008287] qrt_vq_table.o: 25 structs
2026-02-08 11:04:35 [94m[DEBUG] PaholeExtractor:94[0m [PID 1008287] Processing qrt_window_detection_tableRegisters.o
2026-02-08 11:04:35 [94m[DEBUG] PaholeExtractor:103[0m [PID 1008288] CXELA500.o: 25 structs
2026-02-08 11:04:35 [94m[DEBUG] PaholeExtractor:94[0m [PID 1008288] Processing PMDT_CHI_MON.o
2026-02-08 11:04:35 [94m[DEBUG] PaholeExtractor:103[0m [PID 1008287] qrt_window_detection_tableRegisters.o: 19 structs
2026-02-08 11:04:35 [94m[DEBUG] PaholeExtractor:94[0m [PID 1008287] Processing qrt_window_tableRegisters.o
2026-02-08 11:04:36 [94m[DEBUG] PaholeExtractor:103[0m [PID 1008288] PMDT_CHI_MON.o: 25 structs
2026-02-08 11:04:36 [94m[DEBUG] PaholeExtractor:94[0m [PID 1008288] Processing PMDT_AXI_MONRegisters.o
2026-02-08 11:04:36 [94m[DEBUG] PaholeExtractor:103[0m [PID 1008287] qrt_window_tableRegisters.o: 19 structs
2026-02-08 11:04:36 [94m[DEBUG] PaholeExtractor:94[0m [PID 1008287] Processing qrt_cpu.o
2026-02-08 11:04:36 [94m[DEBUG] PaholeExtractor:103[0m [PID 1008288] PMDT_AXI_MONRegisters.o: 19 structs
2026-02-08 11:04:36 [94m[DEBUG] PaholeExtractor:94[0m [PID 1008288] Processing CXELA500Registers.o
2026-02-08 11:04:36 [94m[DEBUG] PaholeExtractor:103[0m [PID 1008287] qrt_cpu.o: 55 structs
2026-02-08 11:04:36 [94m[DEBUG] PaholeExtractor:94[0m [PID 1008287] Processing qrt_addr_translation_table.o
2026-02-08 11:04:36 [94m[DEBUG] PaholeExtractor:103[0m [PID 1008288] CXELA500Registers.o: 19 structs
2026-02-08 11:04:36 [94m[DEBUG] PaholeExtractor:94[0m [PID 1008288] Processing CHI_PMDT_COMPLEXRegisters.o
2026-02-08 11:04:37 [94m[DEBUG] PaholeExtractor:103[0m [PID 1008287] qrt_addr_translation_table.o: 25 structs
2026-02-08 11:04:37 [94m[DEBUG] PaholeExtractor:94[0m [PID 1008287] Processing qrt_addr_translation_tableRegisters.o
2026-02-08 11:04:37 [94m[DEBUG] PaholeExtractor:103[0m [PID 1008288] CHI_PMDT_COMPLEXRegisters.o: 34 structs
2026-02-08 11:04:37 [94m[DEBUG] PaholeExtractor:94[0m [PID 1008288] Processing pmu_macro_mem_ctrl.o
2026-02-08 11:04:37 [94m[DEBUG] PaholeExtractor:103[0m [PID 1008287] qrt_addr_translation_tableRegisters.o: 19 structs
2026-02-08 11:04:37 [94m[DEBUG] PaholeExtractor:94[0m [PID 1008287] Processing qrt_window_table.o
2026-02-08 11:04:37 [94m[DEBUG] PaholeExtractor:103[0m [PID 1008288] pmu_macro_mem_ctrl.o: 35 structs
2026-02-08 11:04:37 [94m[DEBUG] PaholeExtractor:103[0m [PID 1008287] qrt_window_table.o: 25 structs
2026-02-08 11:04:37 [94m[DEBUG] PaholeExtractor:94[0m [PID 1008288] Processing PMDT_COMPLEXRegisters.o
2026-02-08 11:04:37 [94m[DEBUG] PaholeExtractor:94[0m [PID 1008287] Processing qrt_vq_tableRegisters.o
2026-02-08 11:04:38 [94m[DEBUG] PaholeExtractor:103[0m [PID 1008288] PMDT_COMPLEXRegisters.o: 34 structs
2026-02-08 11:04:38 [94m[DEBUG] PaholeExtractor:103[0m [PID 1008287] qrt_vq_tableRegisters.o: 19 structs
2026-02-08 11:04:38 [94m[DEBUG] PaholeExtractor:94[0m [PID 1008288] Processing PMDT_PMU.o
2026-02-08 11:04:38 [94m[DEBUG] PaholeExtractor:94[0m [PID 1008287] Processing qrt_commonRegisters.o
2026-02-08 11:04:38 [94m[DEBUG] PaholeExtractor:103[0m [PID 1008288] PMDT_PMU.o: 43 structs
2026-02-08 11:04:38 [94m[DEBUG] PaholeExtractor:103[0m [PID 1008286] al_ddp_top_unit.o: 1467 structs
2026-02-08 11:04:38 [94m[DEBUG] PaholeExtractor:94[0m [PID 1008288] Processing PMDT_PMURegisters.o
2026-02-08 11:04:38 [94m[DEBUG] PaholeExtractor:94[0m [PID 1008286] Processing al_ddp_top_unit_base.o
2026-02-08 11:04:38 [94m[DEBUG] PaholeExtractor:103[0m [PID 1008288] PMDT_PMURegisters.o: 44 structs
2026-02-08 11:04:39 [94m[DEBUG] PaholeExtractor:94[0m [PID 1008288] Processing al_pmu_unit_base.o
2026-02-08 11:04:39 [94m[DEBUG] PaholeExtractor:103[0m [PID 1008287] qrt_commonRegisters.o: 82 structs
2026-02-08 11:04:39 [94m[DEBUG] PaholeExtractor:94[0m [PID 1008287] Processing qrt_vf_table.o
2026-02-08 11:04:39 [94m[DEBUG] PaholeExtractor:103[0m [PID 1008287] qrt_vf_table.o: 25 structs
2026-02-08 11:04:39 [94m[DEBUG] PaholeExtractor:94[0m [PID 1008287] Processing qrt_window_detection_table.o
2026-02-08 11:04:39 [94m[DEBUG] PaholeExtractor:103[0m [PID 1008287] qrt_window_detection_table.o: 25 structs
2026-02-08 11:04:39 [94m[DEBUG] PaholeExtractor:94[0m [PID 1008287] Processing qrt_vf_profile_table.o
2026-02-08 11:04:40 [94m[DEBUG] PaholeExtractor:103[0m [PID 1008288] al_pmu_unit_base.o: 357 structs
2026-02-08 11:04:40 [94m[DEBUG] PaholeExtractor:94[0m [PID 1008288] Processing regfile_indirect.o
2026-02-08 11:04:40 [94m[DEBUG] PaholeExtractor:103[0m [PID 1008287] qrt_vf_profile_table.o: 25 structs
2026-02-08 11:04:40 [94m[DEBUG] PaholeExtractor:94[0m [PID 1008287] Processing qrt_common.o
2026-02-08 11:04:40 [94m[DEBUG] PaholeExtractor:103[0m [PID 1008288] regfile_indirect.o: 25 structs
2026-02-08 11:04:40 [94m[DEBUG] PaholeExtractor:94[0m [PID 1008288] Processing regfile_indirectRegisters.o
2026-02-08 11:04:40 [94m[DEBUG] PaholeExtractor:103[0m [PID 1008287] qrt_common.o: 81 structs
2026-02-08 11:04:40 [94m[DEBUG] PaholeExtractor:94[0m [PID 1008287] Processing qrt_vf_tableRegisters.o
2026-02-08 11:04:40 [94m[DEBUG] PaholeExtractor:103[0m [PID 1008286] al_ddp_top_unit_base.o: 1273 structs
2026-02-08 11:04:40 [94m[DEBUG] PaholeExtractor:94[0m [PID 1008286] Processing eth_rfm_request_crc_cfg_table.o
2026-02-08 11:04:40 [94m[DEBUG] PaholeExtractor:103[0m [PID 1008288] regfile_indirectRegisters.o: 19 structs
2026-02-08 11:04:40 [94m[DEBUG] PaholeExtractor:94[0m [PID 1008288] Processing al_pcie_datapath_pcap_params.o
2026-02-08 11:04:40 [94m[DEBUG] PaholeExtractor:103[0m [PID 1008287] qrt_vf_tableRegisters.o: 19 structs
2026-02-08 11:04:41 [94m[DEBUG] PaholeExtractor:94[0m [PID 1008287] Processing qrt_vf_profile_tableRegisters.o
